rebalance_date,estimation_start,estimation_end,holding_start,holding_end,holding_days,estimation_observations,model,predicted_vol,realized_vol,forecast_error,absolute_error,squared_error,turnover,optimizer_success
2015-01-30,2013-01-31,2015-01-30,2015-02-02,2015-02-27,19,504,sample,0.09685995251511777,0.10256264795088983,-0.005702695435772065,0.005702695435772065,3.2520735233175544e-05,,True
2015-01-30,2013-01-31,2015-01-30,2015-02-02,2015-02-27,19,504,ewma,0.11228727273093095,0.12367270026686826,-0.011385427535937312,0.011385427535937312,0.00012962796017607957,,True
2015-01-30,2013-01-31,2015-01-30,2015-02-02,2015-02-27,19,504,ledoit_wolf,0.09551532133083765,0.1030781424264991,-0.007562821095661448,0.007562821095661448,5.719626292498183e-05,,True
2015-01-30,2013-01-31,2015-01-30,2015-02-02,2015-02-27,19,504,equal_weight,,0.0931974206277703,,,,,
2015-02-27,2013-02-28,2015-02-27,2015-03-02,2015-03-31,22,504,sample,0.0966866630836956,0.15357875264103257,-0.056892089557336975,0.056892089557336975,0.003236709854200051,0.05502983211598147,True
2015-02-27,2013-02-28,2015-02-27,2015-03-02,2015-03-31,22,504,ewma,0.08992066313080053,0.1557911076935566,-0.06587044456275608,0.06587044456275608,0.004338915466895122,0.37597467970897097,True
2015-02-27,2013-02-28,2015-02-27,2015-03-02,2015-03-31,22,504,ledoit_wolf,0.09525604169818803,0.15368032112409946,-0.05842427942591143,0.05842427942591143,0.0034133964264369773,0.0531556015516534,True
2015-02-27,2013-02-28,2015-02-27,2015-03-02,2015-03-31,22,504,equal_weight,,0.15245215039512144,,,,0.01733936208694313,
2015-03-31,2013-04-02,2015-03-31,2015-04-01,2015-04-30,21,504,sample,0.10112838941469618,0.08133276526128666,0.01979562415340952,0.01979562415340952,0.0003918667356230503,0.0622310855837237,True
2015-03-31,2013-04-02,2015-03-31,2015-04-01,2015-04-30,21,504,ewma,0.12000770577337398,0.09188716611095891,0.028120539662415067,0.028120539662415067,0.0007907647509054589,0.5014489277953639,True
2015-03-31,2013-04-02,2015-03-31,2015-04-01,2015-04-30,21,504,ledoit_wolf,0.09966241140999607,0.08187631488646736,0.017786096523528708,0.017786096523528708,0.00031634522954428,0.055651507421085274,True
2015-03-31,2013-04-02,2015-03-31,2015-04-01,2015-04-30,21,504,equal_weight,,0.10269108032161683,,,,0.015757740118075823,
2015-04-30,2013-05-01,2015-04-30,2015-05-01,2015-05-29,20,504,sample,0.09880204897284693,0.1060265557870273,-0.0072245068141803676,0.0072245068141803676,5.219349870813857e-05,0.0724726153782129,True
2015-04-30,2013-05-01,2015-04-30,2015-05-01,2015-05-29,20,504,ewma,0.08510622691399532,0.09370752123696638,-0.008601294322971062,0.008601294322971062,7.398226403037422e-05,0.3478588934839896,True
2015-04-30,2013-05-01,2015-04-30,2015-05-01,2015-05-29,20,504,ledoit_wolf,0.09734085537906413,0.10494534684371373,-0.0076044914646496015,0.0076044914646496015,5.782829043592864e-05,0.06441084813422539,True
2015-04-30,2013-05-01,2015-04-30,2015-05-01,2015-05-29,20,504,equal_weight,,0.10526672925946667,,,,0.028943824038161283,
2015-05-29,2013-05-30,2015-05-29,2015-06-01,2015-06-30,22,504,sample,0.09975200524568968,0.09290414206223217,0.006847863183457509,0.006847863183457509,4.6893230179352805e-05,0.050121875681632136,True
2015-05-29,2013-05-30,2015-05-29,2015-06-01,2015-06-30,22,504,ewma,0.08203301468622588,0.09242337179804312,-0.010390357111817239,0.010390357111817239,0.00010795952091109108,0.31652005406432054,True
2015-05-29,2013-05-30,2015-05-29,2015-06-01,2015-06-30,22,504,ledoit_wolf,0.09819975789931933,0.09292602606272912,0.005273731836590204,0.005273731836590204,2.7812247484265083e-05,0.0458940453231412,True
2015-05-29,2013-05-30,2015-05-29,2015-06-01,2015-06-30,22,504,equal_weight,,0.10396195287416532,,,,0.013438565197451638,
2015-06-30,2013-07-01,2015-06-30,2015-07-01,2015-07-31,22,504,sample,0.09604469895101202,0.10262231769080639,-0.006577618739794372,0.006577618739794372,4.3265068286094105e-05,0.0836739119844541,True
2015-06-30,2013-07-01,2015-06-30,2015-07-01,2015-07-31,22,504,ewma,0.08922749944584918,0.12428522406169566,-0.03505772461584648,0.03505772461584648,0.0012290440552405284,0.3480708218756296,True
2015-06-30,2013-07-01,2015-06-30,2015-07-01,2015-07-31,22,504,ledoit_wolf,0.09458973101867386,0.10312373710628714,-0.008534006087613275,0.008534006087613275,7.282925990342043e-05,0.06878491573200965,True
2015-06-30,2013-07-01,2015-06-30,2015-07-01,2015-07-31,22,504,equal_weight,,0.1143022676953851,,,,0.018475961590187204,
2015-07-31,2013-08-01,2015-07-31,2015-08-03,2015-08-31,21,504,sample,0.0972929935966034,0.24465692641123868,-0.14736393281463528,0.14736393281463528,0.02171612869459634,0.0333142321416261,True
2015-07-31,2013-08-01,2015-07-31,2015-08-03,2015-08-31,21,504,ewma,0.08568378118992379,0.24555660501870233,-0.15987282382877854,0.15987282382877854,0.02555931979898766,0.5821121309400872,True
2015-07-31,2013-08-01,2015-07-31,2015-08-03,2015-08-31,21,504,ledoit_wolf,0.09618863488864719,0.24468950141131313,-0.14850086652266592,0.14850086652266592,0.02205250735798264,0.033344297488784765,True
2015-07-31,2013-08-01,2015-07-31,2015-08-03,2015-08-31,21,504,equal_weight,,0.2731438446944656,,,,0.03187069948636648,
2015-08-31,2013-08-30,2015-08-31,2015-09-01,2015-09-30,21,504,sample,0.1072460502695694,0.18346211096675058,-0.07621606069718118,0.07621606069718118,0.005808887908196405,0.13484573176744205,True
2015-08-31,2013-08-30,2015-08-31,2015-09-01,2015-09-30,21,504,ewma,0.19919665636417894,0.1787736457450563,0.020423010619122633,0.020423010619122633,0.00041709936274879583,0.5072008382765895,True
2015-08-31,2013-08-30,2015-08-31,2015-09-01,2015-09-30,21,504,ledoit_wolf,0.1059435383168102,0.18402367785040163,-0.07808013953359143,0.07808013953359143,0.006096508189585107,0.12627615216852722,True
2015-08-31,2013-08-30,2015-08-31,2015-09-01,2015-09-30,21,504,equal_weight,,0.2128482302249153,,,,0.01098463494418236,
2015-09-30,2013-10-01,2015-09-30,2015-10-01,2015-10-30,22,504,sample,0.11108272405145195,0.12399338210628137,-0.012910658054829424,0.012910658054829424,0.0001666850914087319,0.06074657128635136,True
2015-09-30,2013-10-01,2015-09-30,2015-10-01,2015-10-30,22,504,ewma,0.16678358476756283,0.13060294245412457,0.03618064231343826,0.03618064231343826,0.0013090388782129592,0.15673264790766406,True
2015-09-30,2013-10-01,2015-09-30,2015-10-01,2015-10-30,22,504,ledoit_wolf,0.10985471055203856,0.12405408805480655,-0.014199377502767993,0.014199377502767993,0.0002016223214661138,0.06446325134250985,True
2015-09-30,2013-10-01,2015-09-30,2015-10-01,2015-10-30,22,504,equal_weight,,0.13377499451991312,,,,0.01544293102114122,
2015-10-30,2013-10-31,2015-10-30,2015-11-02,2015-11-30,20,504,sample,0.11210185142977341,0.11926837572914765,-0.007166524299374241,0.007166524299374241,5.135907053352146e-05,0.05173894614338723,True
2015-10-30,2013-10-31,2015-10-30,2015-11-02,2015-11-30,20,504,ewma,0.11463602388256258,0.1185103495200059,-0.0038743256374433183,0.0038743256374433183,1.5010399144950575e-05,0.3865019115359096,True
2015-10-30,2013-10-31,2015-10-30,2015-11-02,2015-11-30,20,504,ledoit_wolf,0.11088163485122984,0.11986909998039318,-0.008987465129163333,0.008987465129163333,8.077452944792689e-05,0.057072965583715725,True
2015-10-30,2013-10-31,2015-10-30,2015-11-02,2015-11-30,20,504,equal_weight,,0.12419601272770663,,,,0.022964943418772654,
2015-11-30,2013-11-29,2015-11-30,2015-12-01,2015-12-31,22,504,sample,0.11346256818037993,0.16640733900145932,-0.05294477082107939,0.05294477082107939,0.002803148757296619,0.0553222886169964,True
2015-11-30,2013-11-29,2015-11-30,2015-12-01,2015-12-31,22,504,ewma,0.09886618392562718,0.16921918638381556,-0.07035300245818837,0.07035300245818837,0.0049495449548818595,0.3389583662494534,True
2015-11-30,2013-11-29,2015-11-30,2015-12-01,2015-12-31,22,504,ledoit_wolf,0.11225368945209228,0.1663283905491635,-0.05407470109707123,0.05407470109707123,0.0029240732987375964,0.05051220379660133,True
2015-11-30,2013-11-29,2015-11-30,2015-12-01,2015-12-31,22,504,equal_weight,,0.1843041260666415,,,,0.014808021672675004,
2015-12-31,2014-01-02,2015-12-31,2016-01-04,2016-01-29,19,504,sample,0.11655307772472182,0.18494547504413744,-0.06839239731941563,0.06839239731941563,0.004677520011096809,0.05494858574639355,True
2015-12-31,2014-01-02,2015-12-31,2016-01-04,2016-01-29,19,504,ewma,0.13571379728589872,0.19402636688411395,-0.058312569598215236,0.058312569598215236,0.003400355773146696,0.24683081784560026,True
2015-12-31,2014-01-02,2015-12-31,2016-01-04,2016-01-29,19,504,ledoit_wolf,0.11537028777110721,0.18518088501389834,-0.06981059724279114,0.06981059724279114,0.004873519487395198,0.053242111431674476,True
2015-12-31,2014-01-02,2015-12-31,2016-01-04,2016-01-29,19,504,equal_weight,,0.23839046018840224,,,,0.01688415764003198,
2016-01-29,2014-01-30,2016-01-29,2016-02-01,2016-02-29,20,504,sample,0.12002390564306518,0.12419591322014424,-0.0041720075770790566,0.0041720075770790566,1.740564722320506e-05,0.05536009339511552,True
2016-01-29,2014-01-30,2016-01-29,2016-02-01,2016-02-29,20,504,ewma,0.1462801386070923,0.1338545138547211,0.01242562475237119,0.01242562475237119,0.00015439615048673958,0.42305283809245264,True
2016-01-29,2014-01-30,2016-01-29,2016-02-01,2016-02-29,20,504,ledoit_wolf,0.11886964181870074,0.12418239413788845,-0.005312752319187708,0.005312752319187708,2.822533720503437e-05,0.05699832704025224,True
2016-01-29,2014-01-30,2016-01-29,2016-02-01,2016-02-29,20,504,equal_weight,,0.17024540455103604,,,,0.026699513631344,
2016-02-29,2014-02-28,2016-02-29,2016-03-01,2016-03-31,22,504,sample,0.12063870861742636,0.0667065094342353,0.05393219918319106,0.05393219918319106,0.0029086821087353945,0.04402332395254495,True
2016-02-29,2014-02-28,2016-02-29,2016-03-01,2016-03-31,22,504,ewma,0.1265009946289978,0.09261676083228923,0.033884233796708574,0.033884233796708574,0.0011481412999900075,0.3843014368479092,True
2016-02-29,2014-02-28,2016-02-29,2016-03-01,2016-03-31,22,504,ledoit_wolf,0.11952418387676926,0.06673105193289611,0.05279313194387315,0.05279313194387315,0.0027871147804432,0.044846880011571326,True
2016-02-29,2014-02-28,2016-02-29,2016-03-01,2016-03-31,22,504,equal_weight,,0.11064818263626953,,,,0.026531058297929854,
2016-03-31,2014-04-01,2016-03-31,2016-04-01,2016-04-29,21,504,sample,0.12061618758418409,0.09086255905930188,0.02975362852488221,0.02975362852488221,0.0008852784103966844,0.03624129148062802,True
2016-03-31,2014-04-01,2016-03-31,2016-04-01,2016-04-29,21,504,ewma,0.08581968151805128,0.08637419305905536,-0.0005545115410040824,0.0005545115410040824,3.074830491067222e-07,0.4365160189394088,True
2016-03-31,2014-04-01,2016-03-31,2016-04-01,2016-04-29,21,504,ledoit_wolf,0.11952425808306438,0.09039893988045253,0.029125318202611855,0.029125318202611855,0.0008482841604033935,0.03410903917586702,True
2016-03-31,2014-04-01,2016-03-31,2016-04-01,2016-04-29,21,504,equal_weight,,0.08571665021139445,,,,0.014246723747052777,
2016-04-29,2014-05-01,2016-04-29,2016-05-02,2016-05-31,21,504,sample,0.12080562914042282,0.09072159203165729,0.030084037108765532,0.030084037108765532,0.0009050492887615816,0.04224660118018451,True
2016-04-29,2014-05-01,2016-04-29,2016-05-02,2016-05-31,21,504,ewma,0.0679491281903803,0.086045079781048,-0.018095951590667694,0.018095951590667694,0.0003274634639717887,0.23493683472449578,True
2016-04-29,2014-05-01,2016-04-29,2016-05-02,2016-05-31,21,504,ledoit_wolf,0.11966922665392782,0.09024462754600439,0.02942459910792343,0.02942459910792343,0.0008658070326620083,0.04207253703757002,True
2016-04-29,2014-05-01,2016-04-29,2016-05-02,2016-05-31,21,504,equal_weight,,0.10431295227827432,,,,0.027800461963402728,
2016-05-31,2014-06-02,2016-05-31,2016-06-01,2016-06-30,22,504,sample,0.12138879662486327,0.09717303345449255,0.02421576317037072,0.02421576317037072,0.000586403185923483,0.021866862692854327,True
2016-05-31,2014-06-02,2016-05-31,2016-06-01,2016-06-30,22,504,ewma,0.07285964357018263,0.10894277358288926,-0.03608313001270663,0.03608313001270663,0.0013019922715138902,0.22656851266818268,True
2016-05-31,2014-06-02,2016-05-31,2016-06-01,2016-06-30,22,504,ledoit_wolf,0.12025543253957367,0.09734635716951061,0.022909075370063064,0.022909075370063064,0.0005248257343112301,0.023475000693035986,True
2016-05-31,2014-06-02,2016-05-31,2016-06-01,2016-06-30,22,504,equal_weight,,0.14992026365680822,,,,0.014247496694388746,
2016-06-30,2014-07-02,2016-06-30,2016-07-01,2016-07-29,20,504,sample,0.12244328227884882,0.07282767422087671,0.049615608057972105,0.049615608057972105,0.0024617085629623065,0.03986294100166703,True
2016-06-30,2014-07-02,2016-06-30,2016-07-01,2016-07-29,20,504,ewma,0.09134744211716968,0.08542498392994109,0.005922458187228585,0.005922458187228585,3.50755109794709e-05,0.38122463655160915,True
2016-06-30,2014-07-02,2016-06-30,2016-07-01,2016-07-29,20,504,ledoit_wolf,0.12135269362756775,0.07242484792003477,0.048927845707532974,0.048927845707532974,0.0023939340855801527,0.04086365099592665,True
2016-06-30,2014-07-02,2016-06-30,2016-07-01,2016-07-29,20,504,equal_weight,,0.06929909581601522,,,,0.025724837962130986,
2016-07-29,2014-07-31,2016-07-29,2016-08-01,2016-08-31,23,504,sample,0.12260192229817933,0.06687577099422885,0.05572615130395048,0.05572615130395048,0.0031054039391507815,0.029201396156898526,True
2016-07-29,2014-07-31,2016-07-29,2016-08-01,2016-08-31,23,504,ewma,0.07198225522786064,0.07059843433306413,0.0013838208947965086,0.0013838208947965086,1.9149602688754096e-06,0.2832730061507853,True
2016-07-29,2014-07-31,2016-07-29,2016-08-01,2016-08-31,23,504,ledoit_wolf,0.12149467177553425,0.06662526048503571,0.054869411290498535,0.054869411290498535,0.003010652295365888,0.028715279740954395,True
2016-07-29,2014-07-31,2016-07-29,2016-08-01,2016-08-31,23,504,equal_weight,,0.05406117645972208,,,,0.021806143775403006,
2016-08-31,2014-09-03,2016-08-31,2016-09-01,2016-09-30,21,504,sample,0.12173409926775403,0.1524950826107704,-0.030760983343016385,0.030760983343016385,0.0009462380962293314,0.029301445076559896,True
2016-08-31,2014-09-03,2016-08-31,2016-09-01,2016-09-30,21,504,ewma,0.060837871349024956,0.13968491771036076,-0.0788470463613358,0.0788470463613358,0.006216856719906637,0.4404586472788535,True
2016-08-31,2014-09-03,2016-08-31,2016-09-01,2016-09-30,21,504,ledoit_wolf,0.12062779813331075,0.1523217579686858,-0.031693959835375055,0.031693959835375055,0.0010045070900463673,0.026774694199938342,True
2016-08-31,2014-09-03,2016-08-31,2016-09-01,2016-09-30,21,504,equal_weight,,0.15808210472087125,,,,0.017580002747842115,
2016-09-30,2014-10-02,2016-09-30,2016-10-03,2016-10-31,21,504,sample,0.12416237266634872,0.07301253253921948,0.05114984012712924,0.05114984012712924,0.0026163061450308806,0.04980967714492676,True
2016-09-30,2014-10-02,2016-09-30,2016-10-03,2016-10-31,21,504,ewma,0.10256715823154523,0.06855043559893234,0.03401672263261289,0.03401672263261289,0.001157137418664118,0.5906501617811668,True
2016-09-30,2014-10-02,2016-09-30,2016-10-03,2016-10-31,21,504,ledoit_wolf,0.12303198107313945,0.07308255032552652,0.04994943074761293,0.04994943074761293,0.0024949456320105803,0.05136554945442444,True
2016-09-30,2014-10-02,2016-09-30,2016-10-03,2016-10-31,21,504,equal_weight,,0.08054160510508143,,,,0.012200046090774613,
2016-10-31,2014-10-31,2016-10-31,2016-11-01,2016-11-30,21,504,sample,0.122121594409577,0.11382135405379792,0.008300240355779073,0.008300240355779073,6.889398996370352e-05,0.028804833248232874,True
2016-10-31,2014-10-31,2016-10-31,2016-11-01,2016-11-30,21,504,ewma,0.066792426612142,0.10092462886320301,-0.034132202251061006,0.034132202251061006,0.001165007230507334,0.2742266190621083,True
2016-10-31,2014-10-31,2016-10-31,2016-11-01,2016-11-30,21,504,ledoit_wolf,0.12097706570606771,0.11438967753483249,0.00658738817123522,0.00658738817123522,4.33936829185297e-05,0.028171763028969225,True
2016-10-31,2014-10-31,2016-10-31,2016-11-01,2016-11-30,21,504,equal_weight,,0.10579182086333612,,,,0.017485039642424136,
2016-11-30,2014-12-02,2016-11-30,2016-12-01,2016-12-30,21,504,sample,0.12369169741973984,0.09738687414689104,0.026304823272848804,0.026304823272848804,0.000691943727415808,0.041732319824311234,True
2016-11-30,2014-12-02,2016-11-30,2016-12-01,2016-12-30,21,504,ewma,0.07281341281874783,0.07836547688030879,-0.00555206406156096,0.00555206406156096,3.082541534367679e-05,0.4010435548318034,True
2016-11-30,2014-12-02,2016-11-30,2016-12-01,2016-12-30,21,504,ledoit_wolf,0.1225252407417217,0.09706914139725634,0.02545609934446537,0.02545609934446537,0.0006480129938352902,0.04212616945479397,True
2016-11-30,2014-12-02,2016-11-30,2016-12-01,2016-12-30,21,504,equal_weight,,0.09148888967872712,,,,0.044325248060455666,
2016-12-30,2015-01-02,2016-12-30,2017-01-03,2017-01-31,20,504,sample,0.12174422055578886,0.04467147233686445,0.0770727482189244,0.0770727482189244,0.0059402085180177144,0.037537988069610714,True
2016-12-30,2015-01-02,2016-12-30,2017-01-03,2017-01-31,20,504,ewma,0.0661123019298369,0.05191050439053447,0.014201797539302431,0.014201797539302431,0.0002016910533473366,0.3429577083631571,True
2016-12-30,2015-01-02,2016-12-30,2017-01-03,2017-01-31,20,504,ledoit_wolf,0.12053580161383273,0.044841871377228726,0.075693930236604,0.075693930236604,0.005729571074663874,0.03504521957873072,True
2016-12-30,2015-01-02,2016-12-30,2017-01-03,2017-01-31,20,504,equal_weight,,0.05368875676326738,,,,0.009599386679761939,
2017-01-31,2015-02-02,2017-01-31,2017-02-01,2017-02-28,19,504,sample,0.11800451588038618,0.05606138763230746,0.061943128248078724,0.061943128248078724,0.0038369511371579286,0.05031462938832324,True
2017-01-31,2015-02-02,2017-01-31,2017-02-01,2017-02-28,19,504,ewma,0.04852995065857801,0.0529185224522345,-0.0043885717936564955,0.0043885717936564955,1.925956238807739e-05,0.3137720162901393,True
2017-01-31,2015-02-02,2017-01-31,2017-02-01,2017-02-28,19,504,ledoit_wolf,0.11684434506428974,0.055735116268089024,0.06110922879620072,0.06110922879620072,0.003734337844066407,0.04931417677180265,True
2017-01-31,2015-02-02,2017-01-31,2017-02-01,2017-02-28,19,504,equal_weight,,0.04447318454541481,,,,0.01879381837990778,
2017-02-28,2015-03-02,2017-02-28,2017-03-01,2017-03-31,23,504,sample,0.11677787311313076,0.0562711245292746,0.06050674858385616,0.06050674858385616,0.003661066624189979,0.030335375039057897,True
2017-02-28,2015-03-02,2017-02-28,2017-03-01,2017-03-31,23,504,ewma,0.042483025016953266,0.06467066248381895,-0.02218763746686568,0.02218763746686568,0.0004922912563610618,0.4894365371547942,True
2017-02-28,2015-03-02,2017-02-28,2017-03-01,2017-03-31,23,504,ledoit_wolf,0.11563849236394788,0.05649725418179001,0.05914123818215787,0.05914123818215787,0.003497686053718728,0.028227782005470405,True
2017-02-28,2015-03-02,2017-02-28,2017-03-01,2017-03-31,23,504,equal_weight,,0.07803551279367321,,,,0.016188383287135635,
2017-03-31,2015-04-02,2017-03-31,2017-04-03,2017-04-28,19,504,sample,0.11253971304376897,0.05292802485550124,0.05961168818826773,0.05961168818826773,0.0035535533686552583,0.0538428927325807,True
2017-03-31,2015-04-02,2017-03-31,2017-04-03,2017-04-28,19,504,ewma,0.04148640890665953,0.0555805578583999,-0.014094148951740375,0.014094148951740375,0.00019864503467384431,0.3590109409811761,True
2017-03-31,2015-04-02,2017-03-31,2017-04-03,2017-04-28,19,504,ledoit_wolf,0.11147992306935607,0.05275564913978072,0.05872427392957535,0.05872427392957535,0.0034485403485558026,0.05518252269088239,True
2017-03-31,2015-04-02,2017-03-31,2017-04-03,2017-04-28,19,504,equal_weight,,0.07583011061295215,,,,0.014006194827126159,
2017-04-28,2015-04-30,2017-04-28,2017-05-01,2017-05-31,22,504,sample,0.11192366599116504,0.048578065460550095,0.06334560053061494,0.06334560053061494,0.004012665106584244,0.02213941741861158,True
2017-04-28,2015-04-30,2017-04-28,2017-05-01,2017-05-31,22,504,ewma,0.045757986776326955,0.05158996853402744,-0.005831981757700486,0.005831981757700486,3.4012011222151245e-05,0.35843239779257596,True
2017-04-28,2015-04-30,2017-04-28,2017-05-01,2017-05-31,22,504,ledoit_wolf,0.11091251770019253,0.04838070751198489,0.06253181018820764,0.06253181018820764,0.003910227285414029,0.02092036910848376,True
2017-04-28,2015-04-30,2017-04-28,2017-05-01,2017-05-31,22,504,equal_weight,,0.06596234246276679,,,,0.014129967883143166,
2017-05-31,2015-06-02,2017-05-31,2017-06-01,2017-06-30,22,504,sample,0.11012996683613349,0.06636724333400475,0.043762723502128745,0.043762723502128745,0.0019151759683237715,0.04132340555807809,True
2017-05-31,2015-06-02,2017-05-31,2017-06-01,2017-06-30,22,504,ewma,0.041681184139186374,0.06397551546415027,-0.022294331324963897,0.022294331324963897,0.0004970372092272665,0.36324840535328456,True
2017-05-31,2015-06-02,2017-05-31,2017-06-01,2017-06-30,22,504,ledoit_wolf,0.10913540569525841,0.06619644285081652,0.04293896284444189,0.04293896284444189,0.001843754530156361,0.04415540020321444,True
2017-05-31,2015-06-02,2017-05-31,2017-06-01,2017-06-30,22,504,equal_weight,,0.06916760847611089,,,,0.014212765702134797,
2017-06-30,2015-07-02,2017-06-30,2017-07-03,2017-07-31,20,504,sample,0.108770678213778,0.057000986614487215,0.05176969159929079,0.05176969159929079,0.0026801009682856794,0.022192082249732886,True
2017-06-30,2015-07-02,2017-06-30,2017-07-03,2017-07-31,20,504,ewma,0.049626140558757526,0.056151361622620764,-0.006525221063863239,0.006525221063863239,4.25785099322845e-05,0.4129804315483863,True
2017-06-30,2015-07-02,2017-06-30,2017-07-03,2017-07-31,20,504,ledoit_wolf,0.10778180278829073,0.05659199610788917,0.051189806680401566,0.051189806680401566,0.002620396307976885,0.016981308962567082,True
2017-06-30,2015-07-02,2017-06-30,2017-07-03,2017-07-31,20,504,equal_weight,,0.05884213584549038,,,,0.01577140482662235,
2017-07-31,2015-07-31,2017-07-31,2017-08-01,2017-08-31,23,504,sample,0.10733793402893763,0.05336048094595907,0.053977453082978556,0.053977453082978556,0.0029135654413251512,0.023892431569855627,True
2017-07-31,2015-07-31,2017-07-31,2017-08-01,2017-08-31,23,504,ewma,0.04271117675608381,0.062475885228072944,-0.019764708471989134,0.019764708471989134,0.00039064370098271906,0.30015724123327353,True
2017-07-31,2015-07-31,2017-07-31,2017-08-01,2017-08-31,23,504,ledoit_wolf,0.10634845938519205,0.05355745235649152,0.05279100702870053,0.05279100702870053,0.0027868904231043087,0.028281123693930023,True
2017-07-31,2015-07-31,2017-07-31,2017-08-01,2017-08-31,23,504,equal_weight,,0.07660338247454257,,,,0.014881425087392888,
2017-08-31,2015-09-02,2017-08-31,2017-09-01,2017-09-29,20,504,sample,0.09597057842404202,0.060313026229808976,0.03565755219423305,0.03565755219423305,0.0012714610284844542,0.12082137333328759,True
2017-08-31,2015-09-02,2017-08-31,2017-09-01,2017-09-29,20,504,ewma,0.04560601331731152,0.05650210218682657,-0.010896088869515048,0.010896088869515048,0.00011872475265236973,0.31712501458247694,True
2017-08-31,2015-09-02,2017-08-31,2017-09-01,2017-09-29,20,504,ledoit_wolf,0.09514185877529516,0.06033507018093816,0.034806788594357,0.034806788594357,0.0012115125322522606,0.10896446263070986,True
2017-08-31,2015-09-02,2017-08-31,2017-09-01,2017-09-29,20,504,equal_weight,,0.05298670425521973,,,,0.011316359659894963,
2017-09-29,2015-10-01,2017-09-29,2017-10-02,2017-10-31,22,504,sample,0.09124552277476108,0.052912425902451904,0.03833309687230918,0.03833309687230918,0.0014694263158218398,0.03441166686943574,True
2017-09-29,2015-10-01,2017-09-29,2017-10-02,2017-10-31,22,504,ewma,0.04052240190879561,0.046600312095157324,-0.006077910186361717,0.006077910186361717,3.694099223347952e-05,0.31135040946766995,True
2017-09-29,2015-10-01,2017-09-29,2017-10-02,2017-10-31,22,504,ledoit_wolf,0.09042381626697558,0.05323843091235124,0.037185385354624345,0.037185385354624345,0.0013827528839719108,0.03456770131597988,True
2017-09-29,2015-10-01,2017-09-29,2017-10-02,2017-10-31,22,504,equal_weight,,0.06026518291008852,,,,0.020905119077639978,
2017-10-31,2015-11-02,2017-10-31,2017-11-01,2017-11-30,21,504,sample,0.08934060406101307,0.0729190891387358,0.01642151492227728,0.01642151492227728,0.0002696661523425754,0.05443964966210304,True
2017-10-31,2015-11-02,2017-10-31,2017-11-01,2017-11-30,21,504,ewma,0.03455791722128381,0.05997974095648253,-0.025421823735198718,0.025421823735198718,0.0006462691220235129,0.4825506093295825,True
2017-10-31,2015-11-02,2017-10-31,2017-11-01,2017-11-30,21,504,ledoit_wolf,0.08845555737552639,0.07242817041679327,0.016027386958733125,0.016027386958733125,0.0002568771327249687,0.05073044004946671,True
2017-10-31,2015-11-02,2017-10-31,2017-11-01,2017-11-30,21,504,equal_weight,,0.06540918808476269,,,,0.017771267756496772,
2017-11-30,2015-12-02,2017-11-30,2017-12-01,2017-12-29,20,504,sample,0.08717825921397515,0.0436000263499726,0.04357823286400255,0.04357823286400255,0.001899062379549232,0.08297454522644893,True
2017-11-30,2015-12-02,2017-11-30,2017-12-01,2017-12-29,20,504,ewma,0.04743616586177713,0.04795799837071785,-0.0005218325089407158,0.0005218325089407158,2.723091673873622e-07,0.4012876867148814,True
2017-11-30,2015-12-02,2017-11-30,2017-12-01,2017-12-29,20,504,ledoit_wolf,0.08635731572462839,0.043248371168661356,0.04310894455596703,0.04310894455596703,0.0018583811007294396,0.08426915677140503,True
2017-11-30,2015-12-02,2017-11-30,2017-12-01,2017-12-29,20,504,equal_weight,,0.04936349744020412,,,,0.010969259149090693,
2017-12-29,2015-12-31,2017-12-29,2018-01-02,2018-01-31,21,504,sample,0.08206775774978856,0.08368770118488847,-0.0016199434350999131,0.0016199434350999131,2.6242167329233065e-06,0.06397699181791841,True
2017-12-29,2015-12-31,2017-12-29,2018-01-02,2018-01-31,21,504,ewma,0.037838992438707204,0.07334837249298702,-0.03550938005427982,0.03550938005427982,0.0012609160718392853,0.3709178924741481,True
2017-12-29,2015-12-31,2017-12-29,2018-01-02,2018-01-31,21,504,ledoit_wolf,0.08122247553644685,0.0831268555970114,-0.0019043800605645506,0.0019043800605645506,3.626663415075841e-06,0.06773779485626635,True
2017-12-29,2015-12-31,2017-12-29,2018-01-02,2018-01-31,21,504,equal_weight,,0.07421253541613497,,,,0.013013306296236336,
2018-01-31,2016-02-02,2018-01-31,2018-02-01,2018-02-28,19,504,sample,0.07468256002769819,0.24708411051085621,-0.17240155048315803,0.17240155048315803,0.029722294608996887,0.13603641344388676,True
2018-01-31,2016-02-02,2018-01-31,2018-02-01,2018-02-28,19,504,ewma,0.051407171824175646,0.24278762412730098,-0.19138045230312534,0.19138045230312534,0.036626477523748834,0.5151340962728463,True
2018-01-31,2016-02-02,2018-01-31,2018-02-01,2018-02-28,19,504,ledoit_wolf,0.07385625892418154,0.24770692390284232,-0.17385066497866078,0.17385066497866078,0.03022405371352255,0.13590787635014828,True
2018-01-31,2016-02-02,2018-01-31,2018-02-01,2018-02-28,19,504,equal_weight,,0.2705237210787369,,,,0.022547919064848182,
2018-02-28,2016-03-01,2018-02-28,2018-03-01,2018-03-29,21,504,sample,0.08426692342649109,0.1389683033498987,-0.05470137992340762,0.05470137992340762,0.0029922409655249826,0.1302568879246815,True
2018-02-28,2016-03-01,2018-02-28,2018-03-01,2018-03-29,21,504,ewma,0.16582152949846352,0.12919106956500578,0.03663045993345773,0.03663045993345773,0.0013417905949366523,0.3486886307682816,True
2018-02-28,2016-03-01,2018-02-28,2018-03-01,2018-03-29,21,504,ledoit_wolf,0.08307888248513881,0.13962121680530554,-0.056542334320166726,0.056542334320166726,0.003197035570373504,0.12364608806995518,True
2018-02-28,2016-03-01,2018-02-28,2018-03-01,2018-03-29,21,504,equal_weight,,0.18202591119020176,,,,0.017722246265300893,
2018-03-29,2016-03-31,2018-03-29,2018-04-02,2018-04-30,21,504,sample,0.08723591154887013,0.1238749672024226,-0.036639055653552466,0.036639055653552466,0.001342420399184115,0.07693602273611438,True
2018-03-29,2016-03-31,2018-03-29,2018-04-02,2018-04-30,21,504,ewma,0.12725892158800195,0.10795701449564513,0.019301907092356824,0.019301907092356824,0.00037256361740197467,0.3666832055122289,True
2018-03-29,2016-03-31,2018-03-29,2018-04-02,2018-04-30,21,504,ledoit_wolf,0.08603715109944358,0.12385371024442669,-0.03781655914498311,0.03781655914498311,0.0014300921455660056,0.0725343278373019,True
2018-03-29,2016-03-31,2018-03-29,2018-04-02,2018-04-30,21,504,equal_weight,,0.15872291087630908,,,,0.018603503831707776,
2018-04-30,2016-04-29,2018-04-30,2018-05-01,2018-05-31,22,504,sample,0.08874753452891158,0.0952048487725033,-0.006457314243591722,0.006457314243591722,4.169690724049253e-05,0.08811975951649062,True
2018-04-30,2016-04-29,2018-04-30,2018-05-01,2018-05-31,22,504,ewma,0.10177090995041314,0.09536688316786678,0.006404026782546368,0.006404026782546368,4.101155903157119e-05,0.3030123343946065,True
2018-04-30,2016-04-29,2018-04-30,2018-05-01,2018-05-31,22,504,ledoit_wolf,0.08758738258318505,0.0947922460528587,-0.007204863469673653,0.007204863469673653,5.191005761663787e-05,0.09020453608529931,True
2018-04-30,2016-04-29,2018-04-30,2018-05-01,2018-05-31,22,504,equal_weight,,0.10143179859515014,,,,0.017633125398457933,
2018-05-31,2016-06-01,2018-05-31,2018-06-01,2018-06-29,21,504,sample,0.08926287411675213,0.052900022803600955,0.03636285131315117,0.03636285131315117,0.0013222569556223401,0.04551907389934299,True
2018-05-31,2016-06-01,2018-05-31,2018-06-01,2018-06-29,21,504,ewma,0.08778230093407347,0.053521528095034514,0.03426077283903895,0.03426077283903895,0.0011738005555282291,0.34664607591560964,True
2018-05-31,2016-06-01,2018-05-31,2018-06-01,2018-06-29,21,504,ledoit_wolf,0.08803760101598054,0.05235013062954293,0.03568747038643761,0.03568747038643761,0.0012735955425828614,0.04519253810707058,True
2018-05-31,2016-06-01,2018-05-31,2018-06-01,2018-06-29,21,504,equal_weight,,0.0712894047755035,,,,0.01838881121866972,
2018-06-29,2016-06-30,2018-06-29,2018-07-02,2018-07-31,21,504,sample,0.08683943556875448,0.07021036947421619,0.016629066094538292,0.016629066094538292,0.000276525839176523,0.06716798748192387,True
2018-06-29,2016-06-30,2018-06-29,2018-07-02,2018-07-31,21,504,ewma,0.05736760520668766,0.06379380768051049,-0.006426202473822827,0.006426202473822827,4.1296078234566624e-05,0.3319273182597259,True
2018-06-29,2016-06-30,2018-06-29,2018-07-02,2018-07-31,21,504,ledoit_wolf,0.08561432857401943,0.06983627159653465,0.015778056977484786,0.015778056977484786,0.00024894708198475635,0.06146907065453764,True
2018-06-29,2016-06-30,2018-06-29,2018-07-02,2018-07-31,21,504,equal_weight,,0.08809779733743574,,,,0.013538474235913884,
2018-07-31,2016-08-01,2018-07-31,2018-08-01,2018-08-31,23,504,sample,0.08659260681463052,0.05789417630519463,0.028698430509435886,0.028698430509435886,0.0008235999137049205,0.06369700876913524,True
2018-07-31,2016-08-01,2018-07-31,2018-08-01,2018-08-31,23,504,ewma,0.04744361816304497,0.060780463587478004,-0.01333684542443303,0.01333684542443303,0.00017787144587522025,0.3989030835215316,True
2018-07-31,2016-08-01,2018-07-31,2018-08-01,2018-08-31,23,504,ledoit_wolf,0.08526797453678818,0.0573582636350046,0.027909710901783583,0.027909710901783583,0.0007789519626211374,0.053254493293972104,True
2018-07-31,2016-08-01,2018-07-31,2018-08-01,2018-08-31,23,504,equal_weight,,0.06848027418483728,,,,0.01784173870654401,
2018-08-31,2016-09-01,2018-08-31,2018-09-04,2018-09-28,19,504,sample,0.08650670667601483,0.06939292430105011,0.01711378237496472,0.01711378237496472,0.0002928815471776531,0.03582547062449618,True
2018-08-31,2016-09-01,2018-08-31,2018-09-04,2018-09-28,19,504,ewma,0.04862184016569404,0.06627830081072836,-0.017656460645034316,0.017656460645034316,0.00031175060250964565,0.3150604409409165,True
2018-08-31,2016-09-01,2018-08-31,2018-09-04,2018-09-28,19,504,ledoit_wolf,0.08518431185378007,0.06942478558033376,0.015759526273446317,0.015759526273446317,0.00024836266836344474,0.03160632976115616,True
2018-08-31,2016-09-01,2018-08-31,2018-09-04,2018-09-28,19,504,equal_weight,,0.06357937812717143,,,,0.019580904256587546,
2018-09-28,2016-09-29,2018-09-28,2018-10-01,2018-10-31,23,504,sample,0.08254859940650745,0.1557818630757881,-0.07323326366928064,0.07323326366928064,0.0053631109076543795,0.07969624047392977,True
2018-09-28,2016-09-29,2018-09-28,2018-10-01,2018-10-31,23,504,ewma,0.05026110254235566,0.17206629763654335,-0.12180519509418769,0.12180519509418769,0.014836505551933126,0.359897230045674,True
2018-09-28,2016-09-29,2018-09-28,2018-10-01,2018-10-31,23,504,ledoit_wolf,0.08129262899292121,0.1547984500265836,-0.07350582103366239,0.07350582103366239,0.0054031057258328045,0.07746360096370852,True
2018-09-28,2016-09-29,2018-09-28,2018-10-01,2018-10-31,23,504,equal_weight,,0.17398483559243624,,,,0.015042258796381245,
2018-10-31,2016-11-01,2018-10-31,2018-11-01,2018-11-30,21,504,sample,0.08629340137548784,0.11984542212512984,-0.033552020749642,0.033552020749642,0.0011257380963844074,0.11976464265037312,True
2018-10-31,2016-11-01,2018-10-31,2018-11-01,2018-11-30,21,504,ewma,0.09834599479942031,0.12388859186540808,-0.02554259706598777,0.02554259706598777,0.0006524242648754071,0.7649531428596618,True
2018-10-31,2016-11-01,2018-10-31,2018-11-01,2018-11-30,21,504,ledoit_wolf,0.08506118380772999,0.11932380959883922,-0.034262625791109225,0.034262625791109225,0.001173927526101583,0.10403388994081371,True
2018-10-31,2016-11-01,2018-10-31,2018-11-01,2018-11-30,21,504,equal_weight,,0.16927868741012922,,,,0.03217276257129966,
2018-11-30,2016-12-01,2018-11-30,2018-12-03,2018-12-31,19,504,sample,0.08613877840952792,0.20358538794618272,-0.1174466095366548,0.1174466095366548,0.013793706091655453,0.11143474947004947,True
2018-11-30,2016-12-01,2018-11-30,2018-12-03,2018-12-31,19,504,ewma,0.09750689017751665,0.23324857587732659,-0.13574168569980993,0.13574168569980993,0.018425805236625986,0.3513543935006166,True
2018-11-30,2016-12-01,2018-11-30,2018-12-03,2018-12-31,19,504,ledoit_wolf,0.08512455718524815,0.20427130647937047,-0.11914674929412232,0.11914674929412232,0.014195947867356437,0.10680210897208377,True
2018-11-30,2016-12-01,2018-11-30,2018-12-03,2018-12-31,19,504,equal_weight,,0.27633830621412975,,,,0.017556035878507893,
2018-12-31,2016-12-29,2018-12-31,2019-01-02,2019-01-31,21,504,sample,0.09236820083485082,0.12106261994851895,-0.02869441911366813,0.02869441911366813,0.0008233696882708429,0.09406227017948643,True
2018-12-31,2016-12-29,2018-12-31,2019-01-02,2019-01-31,21,504,ewma,0.1687042799686362,0.12305255997597557,0.04565171999266064,0.04565171999266064,0.0020840795382882915,0.5522118516303142,True
2018-12-31,2016-12-29,2018-12-31,2019-01-02,2019-01-31,21,504,ledoit_wolf,0.09138560617395226,0.12169134956458935,-0.030305743390637088,0.030305743390637088,0.0009184380824591435,0.08448624857368958,True
2018-12-31,2016-12-29,2018-12-31,2019-01-02,2019-01-31,21,504,equal_weight,,0.17611944571905044,,,,0.02203427637834085,
2019-01-31,2017-01-31,2019-01-31,2019-02-01,2019-02-28,19,504,sample,0.09442092608347767,0.08564553465887932,0.00877539142459835,0.00877539142459835,7.700749465491425e-05,0.05585065969184762,True
2019-01-31,2017-01-31,2019-01-31,2019-02-01,2019-02-28,19,504,ewma,0.12381152460551707,0.08953066779004111,0.03428085681547596,0.03428085681547596,0.0011751771440031648,0.19566442208219828,True
2019-01-31,2017-01-31,2019-01-31,2019-02-01,2019-02-28,19,504,ledoit_wolf,0.09354516018488436,0.08539618712970148,0.008148973055182876,0.008148973055182876,6.640576185409653e-05,0.05976235772591987,True
2019-01-31,2017-01-31,2019-01-31,2019-02-01,2019-02-28,19,504,equal_weight,,0.07802065031091507,,,,0.022309661757576447,
2019-02-28,2017-02-28,2019-02-28,2019-03-01,2019-03-29,21,504,sample,0.09448914999242645,0.07010520954713538,0.024383940445291075,0.024383940445291075,0.0005945765516395019,0.03569590818056482,True
2019-02-28,2017-02-28,2019-02-28,2019-03-01,2019-03-29,21,504,ewma,0.08918586239790165,0.07414333157789171,0.015042530820009933,0.015042530820009933,0.0002262777334709487,0.31512665057311895,True
2019-02-28,2017-02-28,2019-02-28,2019-03-01,2019-03-29,21,504,ledoit_wolf,0.09364192518398508,0.0699092205371468,0.023732704646838285,0.023732704646838285,0.0005632412698540595,0.03031516779986434,True
2019-02-28,2017-02-28,2019-02-28,2019-03-01,2019-03-29,21,504,equal_weight,,0.09647571387367507,,,,0.017329135875200158,
2019-03-29,2017-03-29,2019-03-29,2019-04-01,2019-04-30,21,504,sample,0.09435216906174712,0.058559875746998134,0.03579229331474899,0.03579229331474899,0.001281088260729025,0.051440447679257394,True
2019-03-29,2017-03-29,2019-03-29,2019-04-01,2019-04-30,21,504,ewma,0.0723434147484833,0.059500589076243934,0.012842825672239364,0.012842825672239364,0.00016493817124753045,0.26827858537023647,True
2019-03-29,2017-03-29,2019-03-29,2019-04-01,2019-04-30,21,504,ledoit_wolf,0.09352976212350365,0.05741836645463447,0.03611139566886919,0.03611139566886919,0.0013040328971536243,0.040912641364139316,True
2019-03-29,2017-03-29,2019-03-29,2019-04-01,2019-04-30,21,504,equal_weight,,0.04806985784764498,,,,0.013635099839511031,
2019-04-30,2017-04-28,2019-04-30,2019-05-01,2019-05-31,22,504,sample,0.09440732646971853,0.09196825571434818,0.002439070755370351,0.002439070755370351,5.949066149702895e-06,0.035272157931043095,True
2019-04-30,2017-04-28,2019-04-30,2019-05-01,2019-05-31,22,504,ewma,0.04825466418077781,0.10942292752064278,-0.06116826333986497,0.06116826333986497,0.0037415564400150687,0.2793695901190844,True
2019-04-30,2017-04-28,2019-04-30,2019-05-01,2019-05-31,22,504,ledoit_wolf,0.09356439929021976,0.09168016243423556,0.0018842368559841977,0.0018842368559841977,3.550348529449214e-06,0.03482351892958558,True
2019-04-30,2017-04-28,2019-04-30,2019-05-01,2019-05-31,22,504,equal_weight,,0.11165973172340103,,,,0.023388106978746787,
2019-05-31,2017-05-31,2019-05-31,2019-06-03,2019-06-28,20,504,sample,0.09568759992403965,0.09232468649394403,0.003362913430095621,0.003362913430095621,1.1309186738317495e-05,0.043720651746265035,True
2019-05-31,2017-05-31,2019-05-31,2019-06-03,2019-06-28,20,504,ewma,0.07067954562225581,0.09214669391296848,-0.021467148290712668,0.021467148290712668,0.0004608384557354478,0.5985466691822802,True
2019-05-31,2017-05-31,2019-05-31,2019-06-03,2019-06-28,20,504,ledoit_wolf,0.09487432714250156,0.09221550634347277,0.0026588207990287938,0.0026588207990287938,7.069328041348113e-06,0.04017775851465862,True
2019-05-31,2017-05-31,2019-05-31,2019-06-03,2019-06-28,20,504,equal_weight,,0.09412274310349165,,,,0.02381110853773975,
2019-06-28,2017-06-28,2019-06-28,2019-07-01,2019-07-31,22,504,sample,0.09706780364321928,0.09014409409766679,0.006923709545552492,0.006923709545552492,4.79377538711747e-05,0.046151676615286796,True
2019-06-28,2017-06-28,2019-06-28,2019-07-01,2019-07-31,22,504,ewma,0.07892335648340777,0.08975721094509835,-0.010833854461690579,0.010833854461690579,0.00011737240249709285,0.36955292957100006,True
2019-06-28,2017-06-28,2019-06-28,2019-07-01,2019-07-31,22,504,ledoit_wolf,0.09625987827513549,0.08958357907478141,0.006676299200354077,0.006676299200354077,4.457297101264849e-05,0.04429246618697402,True
2019-06-28,2017-06-28,2019-06-28,2019-07-01,2019-07-31,22,504,equal_weight,,0.08019159740154487,,,,0.017959004490762515,
2019-07-31,2017-07-31,2019-07-31,2019-08-01,2019-08-30,22,504,sample,0.09768894868553935,0.12646153150255898,-0.028772582817019637,0.028772582817019637,0.0008278615219622537,0.04738248171699422,True
2019-07-31,2017-07-31,2019-07-31,2019-08-01,2019-08-30,22,504,ewma,0.06489344802801697,0.17076862238741192,-0.10587517435939495,0.10587517435939495,0.011209552545632282,0.4154604761968926,True
2019-07-31,2017-07-31,2019-07-31,2019-08-01,2019-08-30,22,504,ledoit_wolf,0.09686342092947618,0.12743895498807928,-0.030575534058603096,0.030575534058603096,0.0009348632829687979,0.04389007153290289,True
2019-07-31,2017-07-31,2019-07-31,2019-08-01,2019-08-30,22,504,equal_weight,,0.1884508583137503,,,,0.017173819239047823,
2019-08-30,2017-08-30,2019-08-30,2019-09-03,2019-09-30,20,504,sample,0.10047620982084177,0.07819583764008065,0.02228037218076112,0.02228037218076112,0.0004964149845132341,0.047794947092654694,True
2019-08-30,2017-08-30,2019-08-30,2019-09-03,2019-09-30,20,504,ewma,0.09534830663928412,0.08919194023691546,0.006156366402368663,0.006156366402368663,3.790084728021367e-05,0.4496338653472711,True
2019-08-30,2017-08-30,2019-08-30,2019-09-03,2019-09-30,20,504,ledoit_wolf,0.09972578503168078,0.07725526155504547,0.022470523476635307,0.022470523476635307,0.0005049244253140185,0.04508630963451722,True
2019-08-30,2017-08-30,2019-08-30,2019-09-03,2019-09-30,20,504,equal_weight,,0.06770125089195458,,,,0.026042040296276915,
2019-09-30,2017-09-28,2019-09-30,2019-10-01,2019-10-31,23,504,sample,0.10097277732885969,0.09961400990869403,0.001358767420165663,0.001358767420165663,1.8462489021036514e-06,0.0408222689067959,True
2019-09-30,2017-09-28,2019-09-30,2019-10-01,2019-10-31,23,504,ewma,0.06898079549986057,0.09421305865258757,-0.025232263152727002,0.025232263152727002,0.0006366671038084648,0.33280667358431926,True
2019-09-30,2017-09-28,2019-09-30,2019-10-01,2019-10-31,23,504,ledoit_wolf,0.1002008528138449,0.09846380649809938,0.001737046315745519,0.001737046315745519,3.0173299030450813e-06,0.041884714493930573,True
2019-09-30,2017-09-28,2019-09-30,2019-10-01,2019-10-31,23,504,equal_weight,,0.11836526106148737,,,,0.016031972525356805,
2019-10-31,2017-10-31,2019-10-31,2019-11-01,2019-11-29,20,504,sample,0.10258330655063512,0.0850975225459796,0.017485784004655516,0.017485784004655516,0.00030575264225746673,0.05758146074737578,True
2019-10-31,2017-10-31,2019-10-31,2019-11-01,2019-11-29,20,504,ewma,0.06770473621726757,0.08119116113036128,-0.013486424913093709,0.013486424913093709,0.00018188365693651463,0.42572153311318006,True
2019-10-31,2017-10-31,2019-10-31,2019-11-01,2019-11-29,20,504,ledoit_wolf,0.10179568954619543,0.0837565535725673,0.018039135973628134,0.018039135973628134,0.0003254104266750447,0.04966248653905078,True
2019-10-31,2017-10-31,2019-10-31,2019-11-01,2019-11-29,20,504,equal_weight,,0.058866801371510534,,,,0.01826673173415745,
2019-11-29,2017-11-29,2019-11-29,2019-12-02,2019-12-31,21,504,sample,0.10318903563432237,0.0542739464509777,0.04891508918334467,0.04891508918334467,0.0023926859498145624,0.05039257411629213,True
2019-11-29,2017-11-29,2019-11-29,2019-12-02,2019-12-31,21,504,ewma,0.05288752228860666,0.05822018498447418,-0.005332662695867518,0.005332662695867518,2.8437291427897028e-05,0.46584205593511346,True
2019-11-29,2017-11-29,2019-11-29,2019-12-02,2019-12-31,21,504,ledoit_wolf,0.10237255819205021,0.05402071962595008,0.04835183856610013,0.04835183856610013,0.002337900292722208,0.0463263860774376,True
2019-11-29,2017-11-29,2019-11-29,2019-12-02,2019-12-31,21,504,equal_weight,,0.0687725550136486,,,,0.019365014129117557,
2019-12-31,2017-12-29,2019-12-31,2020-01-02,2020-01-31,21,504,sample,0.1035267899797038,0.0818672123505739,0.0216595776291299,0.0216595776291299,0.00046913730307230445,0.03628834529574331,True
2019-12-31,2017-12-29,2019-12-31,2020-01-02,2020-01-31,21,504,ewma,0.04529378755971187,0.08270484104920899,-0.037411053489497116,0.037411053489497116,0.0013995869231940143,0.33696587650114135,True
2019-12-31,2017-12-29,2019-12-31,2020-01-02,2020-01-31,21,504,ledoit_wolf,0.10270934289822828,0.08134302161642105,0.021366321281807224,0.021366321281807224,0.0004565196851174083,0.03312150969930698,True
2019-12-31,2017-12-29,2019-12-31,2020-01-02,2020-01-31,21,504,equal_weight,,0.1065299146252357,,,,0.012031820894339774,
2020-01-31,2018-01-31,2020-01-31,2020-02-03,2020-02-28,19,504,sample,0.10370996719436999,0.2269901742484309,-0.12328020705406091,0.12328020705406091,0.015198009451292129,0.03455350115603018,True
2020-01-31,2018-01-31,2020-01-31,2020-02-03,2020-02-28,19,504,ewma,0.048822172820900595,0.21652154523369335,-0.16769937241279276,0.16769937241279276,0.028123079507644557,0.2954715567117538,True
2020-01-31,2018-01-31,2020-01-31,2020-02-03,2020-02-28,19,504,ledoit_wolf,0.10289693364584497,0.22697633181546625,-0.12407939816962128,0.12407939816962128,0.015395697050135417,0.033365542118722176,True
2020-01-31,2018-01-31,2020-01-31,2020-02-03,2020-02-28,19,504,equal_weight,,0.2418652407630163,,,,0.02691757543200582,
2020-02-28,2018-02-28,2020-02-28,2020-03-02,2020-03-31,22,504,sample,0.10417913733221346,0.9335446465890118,-0.8293655092567984,0.8293655092567984,0.6878471479447886,0.09105087319876914,True
2020-02-28,2018-02-28,2020-02-28,2020-03-02,2020-03-31,22,504,ewma,0.1859820531309699,0.8940033463079557,-0.7080212931769858,0.7080212931769858,0.5012941515920113,0.4803755514806074,True
2020-02-28,2018-02-28,2020-02-28,2020-03-02,2020-03-31,22,504,ledoit_wolf,0.10327660849275724,0.9330721567449364,-0.8297955482521792,0.8297955482521792,0.6885606518991346,0.09121934068375284,True
2020-02-28,2018-02-28,2020-02-28,2020-03-02,2020-03-31,22,504,equal_weight,,0.943008748998286,,,,0.0165772179787685,
2020-03-31,2018-04-02,2020-03-31,2020-04-01,2020-04-30,21,504,sample,0.19274527305788092,0.3230850191409543,-0.13033974608307336,0.13033974608307336,0.016988449409000038,0.44413288076480906,True
2020-03-31,2018-04-02,2020-03-31,2020-04-01,2020-04-30,21,504,ewma,0.5974610682658669,0.3192721616878523,0.2781889065780146,0.2781889065780146,0.07738906774307133,0.6018400870147094,True
2020-03-31,2018-04-02,2020-03-31,2020-04-01,2020-04-30,21,504,ledoit_wolf,0.18778171413927586,0.32226961694491113,-0.13448790280563527,0.13448790280563527,0.018086996001058,0.4365419852981635,True
2020-03-31,2018-04-02,2020-03-31,2020-04-01,2020-04-30,21,504,equal_weight,,0.4052445850680761,,,,0.03950948764245757,
2020-04-30,2018-05-01,2020-04-30,2020-05-01,2020-05-29,20,504,sample,0.20184404778241236,0.16954542099713052,0.032298626785281837,0.032298626785281837,0.0010432012922149253,0.07233765512744915,True
2020-04-30,2018-05-01,2020-04-30,2020-05-01,2020-05-29,20,504,ewma,0.38921832170044696,0.15967412163593095,0.229544200064516,0.229544200064516,0.05269053978325855,0.21979604309195144,True
2020-04-30,2018-05-01,2020-04-30,2020-05-01,2020-05-29,20,504,ledoit_wolf,0.1973967162956816,0.16911660222017963,0.02828011407550196,0.02828011407550196,0.0007997648521234041,0.06614325034642138,True
2020-04-30,2018-05-01,2020-04-30,2020-05-01,2020-05-29,20,504,equal_weight,,0.227449929485361,,,,0.028740311569648465,
2020-05-29,2018-05-30,2020-05-29,2020-06-01,2020-06-30,22,504,sample,0.20364810133054323,0.2210630279651864,-0.01741492663464317,0.01741492663464317,0.000303279669690004,0.034825061278198635,True
2020-05-29,2018-05-30,2020-05-29,2020-06-01,2020-06-30,22,504,ewma,0.242403056375779,0.23532449901860233,0.0070785573571766625,0.0070785573571766625,5.010597425883986e-05,0.08895599765328471,True
2020-05-29,2018-05-30,2020-05-29,2020-06-01,2020-06-30,22,504,ledoit_wolf,0.19943453494382646,0.2221621725217556,-0.022727637577929144,0.022727637577929144,0.000516545509873697,0.03518285673448841,True
2020-05-29,2018-05-30,2020-05-29,2020-06-01,2020-06-30,22,504,equal_weight,,0.3000795590294781,,,,0.017603583282391155,
2020-06-30,2018-06-29,2020-06-30,2020-07-01,2020-07-31,22,504,sample,0.20786516272864866,0.11482748827303892,0.09303767445560975,0.09303767445560975,0.008656008868108018,0.06553990850448514,True
2020-06-30,2018-06-29,2020-06-30,2020-07-01,2020-07-31,22,504,ewma,0.21001802470334427,0.10613840532450204,0.10387961937884223,0.10387961937884223,0.010790975322293134,0.31756079852476315,True
2020-06-30,2018-06-29,2020-06-30,2020-07-01,2020-07-31,22,504,ledoit_wolf,0.20397037786385933,0.11420629561610553,0.0897640822477538,0.0897640822477538,0.008057590461781509,0.07033245646411258,True
2020-06-30,2018-06-29,2020-06-30,2020-07-01,2020-07-31,22,504,equal_weight,,0.12025700180137833,,,,0.021624622938062096,
2020-07-31,2018-08-01,2020-07-31,2020-08-03,2020-08-31,21,504,sample,0.20843196013803092,0.12996845399786477,0.07846350614016614,0.07846350614016614,0.00615652179580789,0.054297654186355196,True
2020-07-31,2018-08-01,2020-07-31,2020-08-03,2020-08-31,21,504,ewma,0.1332125509835672,0.11619894684721875,0.017013604136348462,0.017013604136348462,0.0002894627257083735,0.1949878593751762,True
2020-07-31,2018-08-01,2020-07-31,2020-08-03,2020-08-31,21,504,ledoit_wolf,0.20457552770805665,0.1301691169870516,0.07440641072100504,0.07440641072100504,0.005536313956382894,0.041699374507451974,True
2020-07-31,2018-08-01,2020-07-31,2020-08-03,2020-08-31,21,504,equal_weight,,0.08881593682459935,,,,0.025295767742558355,
2020-08-31,2018-08-30,2020-08-31,2020-09-01,2020-09-30,21,504,sample,0.20963678315630802,0.2221925002037424,-0.012555717047434384,0.012555717047434384,0.0001576460305752344,0.03587734169519443,True
2020-08-31,2018-08-30,2020-08-31,2020-09-01,2020-09-30,21,504,ewma,0.09438114117632626,0.21856973918589068,-0.12418859800956442,0.12418859800956442,0.015422807875581188,0.31999747562596886,True
2020-08-31,2018-08-30,2020-08-31,2020-09-01,2020-09-30,21,504,ledoit_wolf,0.20577502064368736,0.22132093067245823,-0.01554591002877087,0.01554591002877087,0.00024167531862263872,0.030450191055905015,True
2020-08-31,2018-08-30,2020-08-31,2020-09-01,2020-09-30,21,504,equal_weight,,0.22862193955040075,,,,0.024487377584322095,
2020-09-30,2018-10-01,2020-09-30,2020-10-01,2020-10-30,22,504,sample,0.2137538829640809,0.1915941305081854,0.022159752455895493,0.022159752455895493,0.0004910546289065664,0.05152827447885659,True
2020-09-30,2018-10-01,2020-09-30,2020-10-01,2020-10-30,22,504,ewma,0.15197808438616306,0.1852730886116844,-0.03329500422552134,0.03329500422552134,0.001108557306377484,0.5022738323247132,True
2020-09-30,2018-10-01,2020-09-30,2020-10-01,2020-10-30,22,504,ledoit_wolf,0.20998788562044557,0.19246854390680618,0.01751934171363939,0.01751934171363939,0.0003069273340792652,0.04220985413443019,True
2020-09-30,2018-10-01,2020-09-30,2020-10-01,2020-10-30,22,504,equal_weight,,0.20210442608530468,,,,0.02565631384109404,
2020-10-30,2018-10-31,2020-10-30,2020-11-02,2020-11-30,20,504,sample,0.2151062888398592,0.13863195911438947,0.07647432972546972,0.07647432972546972,0.005848323106959862,0.037724984370255385,True
2020-10-30,2018-10-31,2020-10-30,2020-11-02,2020-11-30,20,504,ewma,0.15802775415669126,0.1389784337802308,0.019049320376460455,0.019049320376460455,0.0003628766068050315,0.4591823320288128,True
2020-10-30,2018-10-31,2020-10-30,2020-11-02,2020-11-30,20,504,ledoit_wolf,0.21134235694688852,0.13892047247395137,0.07242188447293715,0.07242188447293715,0.005244929350611455,0.03640184213378543,True
2020-10-30,2018-10-31,2020-10-30,2020-11-02,2020-11-30,20,504,equal_weight,,0.1744173323146081,,,,0.01883809253969233,
2020-11-30,2018-11-29,2020-11-30,2020-12-01,2020-12-31,22,504,sample,0.21490073442304028,0.10014897947761696,0.11475175494542332,0.11475175494542332,0.013167965263054485,0.029207394117519547,True
2020-11-30,2018-11-29,2020-11-30,2020-12-01,2020-12-31,22,504,ewma,0.1280095066119052,0.11171957938685707,0.016289927225048115,0.016289927225048115,0.00026536172899736376,0.2792520838787155,True
2020-11-30,2018-11-29,2020-11-30,2020-12-01,2020-12-31,22,504,ledoit_wolf,0.21114019492657352,0.10002527285392185,0.11111492207265167,0.11111492207265167,0.012346525907211452,0.035658608212537746,True
2020-11-30,2018-11-29,2020-11-30,2020-12-01,2020-12-31,22,504,equal_weight,,0.09882405285287785,,,,0.029144606238889773,
2020-12-31,2019-01-03,2020-12-31,2021-01-04,2021-01-29,19,504,sample,0.20960347973384494,0.1577796518638822,0.05182382786996273,0.05182382786996273,0.0026857091350955256,0.03723484299777476,True
2020-12-31,2019-01-03,2020-12-31,2021-01-04,2021-01-29,19,504,ewma,0.09343206924483242,0.1490130540990888,-0.055580984854256374,0.055580984854256374,0.0030892458773690763,0.3894053610307038,True
2020-12-31,2019-01-03,2020-12-31,2021-01-04,2021-01-29,19,504,ledoit_wolf,0.2057059217027772,0.16010871469525004,0.045597207007527174,0.045597207007527174,0.002079105286887285,0.03906273041205657,True
2020-12-31,2019-01-03,2020-12-31,2021-01-04,2021-01-29,19,504,equal_weight,,0.1648422237437494,,,,0.017858099862434616,
2021-01-29,2019-01-31,2021-01-29,2021-02-01,2021-02-26,19,504,sample,0.2087973103060412,0.11333831843972088,0.09545899186632033,0.09545899186632033,0.00911241912813421,0.05068857767286061,True
2021-01-29,2019-01-31,2021-01-29,2021-02-01,2021-02-26,19,504,ewma,0.1251751794171986,0.10330106562615518,0.021874113791043426,0.021874113791043426,0.0004784768541435162,0.4626263520151557,True
2021-01-29,2019-01-31,2021-01-29,2021-02-01,2021-02-26,19,504,ledoit_wolf,0.20494112573733397,0.11388782442164451,0.09105330131568946,0.09105330131568946,0.008290703680485737,0.05885754137535818,True
2021-01-29,2019-01-31,2021-01-29,2021-02-01,2021-02-26,19,504,equal_weight,,0.11060304961401243,,,,0.018549529817343462,
2021-02-26,2019-02-28,2021-02-26,2021-03-01,2021-03-31,23,504,sample,0.20890045701470658,0.13832728457358154,0.07057317244112504,0.07057317244112504,0.004980572668404772,0.0408965833054103,True
2021-02-26,2019-02-28,2021-02-26,2021-03-01,2021-03-31,23,504,ewma,0.09635885112493783,0.13184500947827407,-0.03548615835333624,0.03548615835333624,0.0012592674346780554,0.3850792967557486,True
2021-02-26,2019-02-28,2021-02-26,2021-03-01,2021-03-31,23,504,ledoit_wolf,0.2050546277981404,0.13845305116253176,0.06660157663560864,0.06660157663560864,0.0044357700103488515,0.03729681696910388,True
2021-02-26,2019-02-28,2021-02-26,2021-03-01,2021-03-31,23,504,equal_weight,,0.1331967051125685,,,,0.04089799433721393,
2021-03-31,2019-04-02,2021-03-31,2021-04-01,2021-04-30,21,504,sample,0.21004292169702643,0.09392327339325117,0.11611964830377526,0.11611964830377526,0.013483772722192457,0.028376391355406656,True
2021-03-31,2019-04-02,2021-03-31,2021-04-01,2021-04-30,21,504,ewma,0.09601238431246438,0.1054052842161504,-0.009392899903686025,0.009392899903686025,8.822656860066494e-05,0.4486673937775209,True
2021-03-31,2019-04-02,2021-03-31,2021-04-01,2021-04-30,21,504,ledoit_wolf,0.20621122332866718,0.09401924528226753,0.11219197804639965,0.11219197804639965,0.01258703993796382,0.026142866097598933,True
2021-03-31,2019-04-02,2021-03-31,2021-04-01,2021-04-30,21,504,equal_weight,,0.0973564479346867,,,,0.019696178428114497,
2021-04-30,2019-05-02,2021-04-30,2021-05-03,2021-05-28,20,504,sample,0.2104016115384466,0.10991174193145516,0.10048986960699145,0.10048986960699145,0.010098213893630144,0.026163365240493664,True
2021-04-30,2019-05-02,2021-04-30,2021-05-03,2021-05-28,20,504,ewma,0.07921995962864263,0.10094342252206723,-0.021723462893424597,0.021723462893424597,0.0004719088400819954,0.47855393772440546,True
2021-04-30,2019-05-02,2021-04-30,2021-05-03,2021-05-28,20,504,ledoit_wolf,0.2065957347615288,0.10992960142065775,0.09666613334087104,0.09666613334087104,0.00934434133507506,0.026337939918663858,True
2021-04-30,2019-05-02,2021-04-30,2021-05-03,2021-05-28,20,504,equal_weight,,0.11749824572331445,,,,0.017340604811132154,
2021-05-28,2019-05-31,2021-05-28,2021-06-01,2021-06-30,22,504,sample,0.21030161785571394,0.08237338021086969,0.12792823764484423,0.12792823764484423,0.01636563398691574,0.03041558735696898,True
2021-05-28,2019-05-31,2021-05-28,2021-06-01,2021-06-30,22,504,ewma,0.08037821906112194,0.07861544684232923,0.0017627722187927158,0.0017627722187927158,3.1073658953473946e-06,0.34340033005975845,True
2021-05-28,2019-05-31,2021-05-28,2021-06-01,2021-06-30,22,504,ledoit_wolf,0.20649157033183532,0.08241901631776942,0.1240725540140659,0.1240725540140659,0.015393998659573301,0.030449327452109168,True
2021-05-28,2019-05-31,2021-05-28,2021-06-01,2021-06-30,22,504,equal_weight,,0.09456440019396939,,,,0.016085477979172754,
2021-06-30,2019-07-02,2021-06-30,2021-07-01,2021-07-30,21,504,sample,0.21000180217610323,0.09359685398009521,0.11640494819600802,0.11640494819600802,0.013550111964515311,0.0261995611299147,True
2021-06-30,2019-07-02,2021-06-30,2021-07-01,2021-07-30,21,504,ewma,0.07596231198857628,0.10029717454919349,-0.024334862560617204,0.024334862560617204,0.0005921855358441289,0.31948537399364535,True
2021-06-30,2019-07-02,2021-06-30,2021-07-01,2021-07-30,21,504,ledoit_wolf,0.20618995668860787,0.0937856911226844,0.11240426556592348,0.11240426556592348,0.01263471891741465,0.02561897792037786,True
2021-06-30,2019-07-02,2021-06-30,2021-07-01,2021-07-30,21,504,equal_weight,,0.10692438417682756,,,,0.021922144582519815,
2021-07-30,2019-08-01,2021-07-30,2021-08-02,2021-08-31,22,504,sample,0.20988917906407759,0.08791039560881349,0.1219787834552641,0.1219787834552641,0.01487882361322621,0.01880028140472867,True
2021-07-30,2019-08-01,2021-07-30,2021-08-02,2021-08-31,22,504,ewma,0.07742863086068598,0.08413796893314705,-0.006709338072461074,0.006709338072461074,4.501521737057568e-05,0.38009944442733357,True
2021-07-30,2019-08-01,2021-07-30,2021-08-02,2021-08-31,22,504,ledoit_wolf,0.20612501347976833,0.08797341971927856,0.11815159376048977,0.11815159376048977,0.013959799108143805,0.01856049078927246,True
2021-07-30,2019-08-01,2021-07-30,2021-08-02,2021-08-31,22,504,equal_weight,,0.0856668454920375,,,,0.020412222043519963,
2021-08-31,2019-09-03,2021-08-31,2021-09-01,2021-09-30,21,504,sample,0.20829444845686979,0.10097812805672553,0.10731632040014426,0.10731632040014426,0.011516792624226418,0.026193538868535482,True
2021-08-31,2019-09-03,2021-08-31,2021-09-01,2021-09-30,21,504,ewma,0.0650416225023753,0.10994738332916495,-0.044905760826789654,0.044905760826789654,0.002016527355432836,0.47755342043839133,True
2021-08-31,2019-09-03,2021-08-31,2021-09-01,2021-09-30,21,504,ledoit_wolf,0.20442478881551587,0.10083313160760785,0.10359165720790803,0.10359165720790803,0.010731231443080724,0.021274749485718194,True
2021-08-31,2019-09-03,2021-08-31,2021-09-01,2021-09-30,21,504,equal_weight,,0.11730013641821391,,,,0.018700466661097374,
2021-09-30,2019-10-02,2021-09-30,2021-10-01,2021-10-29,21,504,sample,0.2089514952854515,0.08011218092815413,0.1288393143572974,0.1288393143572974,0.0165995689240585,0.011372917860293359,True
2021-09-30,2019-10-02,2021-09-30,2021-10-01,2021-10-29,21,504,ewma,0.08314319233511837,0.0951831035825254,-0.012039911247407026,0.012039911247407026,0.0001449594628454382,0.4104120793951948,True
2021-09-30,2019-10-02,2021-09-30,2021-10-01,2021-10-29,21,504,ledoit_wolf,0.20510282666304502,0.080282982870692,0.12481984379235303,0.12481984379235303,0.015579993404347412,0.010346231848194368,True
2021-09-30,2019-10-02,2021-09-30,2021-10-01,2021-10-29,21,504,equal_weight,,0.09171071999881676,,,,0.020307575909245753,
2021-10-29,2019-10-31,2021-10-29,2021-11-01,2021-11-30,21,504,sample,0.20861560066139256,0.1152883635211842,0.09332723714020837,0.09332723714020837,0.008709973192224689,0.024504167609180023,True
2021-10-29,2019-10-31,2021-10-29,2021-11-01,2021-11-30,21,504,ewma,0.07480897625433969,0.1142803152632088,-0.03947133900886911,0.03947133900886911,0.0015579866031530721,0.39657739151453675,True
2021-10-29,2019-10-31,2021-10-29,2021-11-01,2021-11-30,21,504,ledoit_wolf,0.2047698593312579,0.11548865888875107,0.08928120044250684,0.08928120044250684,0.007971132752455083,0.024124949913605583,True
2021-10-29,2019-10-31,2021-10-29,2021-11-01,2021-11-30,21,504,equal_weight,,0.1182235947650359,,,,0.025635576167237085,
2021-11-30,2019-12-02,2021-11-30,2021-12-01,2021-12-31,22,504,sample,0.2094825971614367,0.10963452082509409,0.0998480763363426,0.0998480763363426,0.0099696383480681,0.02053580016046118,True
2021-11-30,2019-12-02,2021-11-30,2021-12-01,2021-12-31,22,504,ewma,0.09223734535383722,0.10859216991463679,-0.016354824560799563,0.016354824560799563,0.0002674802864145326,0.42710468632602516,True
2021-11-30,2019-12-02,2021-11-30,2021-12-01,2021-12-31,22,504,ledoit_wolf,0.2056683432434626,0.10961960236263718,0.0960487408808254,0.0960487408808254,0.009225360624791942,0.020352519245622952,True
2021-11-30,2019-12-02,2021-11-30,2021-12-01,2021-12-31,22,504,equal_weight,,0.12093458087831475,,,,0.020275981394006538,
2021-12-31,2020-01-03,2021-12-31,2022-01-03,2022-01-31,20,504,sample,0.210487155512462,0.1041950349198111,0.1062921205926509,0.1062921205926509,0.011298014900082642,0.03248035123491963,True
2021-12-31,2020-01-03,2021-12-31,2022-01-03,2022-01-31,20,504,ewma,0.09308853998499612,0.13146735816440688,-0.03837881817941076,0.03837881817941076,0.0014729336848482697,0.2788296352376271,True
2021-12-31,2020-01-03,2021-12-31,2022-01-03,2022-01-31,20,504,ledoit_wolf,0.20670098692130015,0.10443197801472325,0.1022690089065769,0.1022690089065769,0.010458950182733507,0.030002994085619305,True
2021-12-31,2020-01-03,2021-12-31,2022-01-03,2022-01-31,20,504,equal_weight,,0.1150617169073145,,,,0.019682197164275533,
2022-01-31,2020-02-03,2022-01-31,2022-02-01,2022-02-28,19,504,sample,0.21114593394857556,0.1843445144639795,0.02680141948459605,0.02680141948459605,0.0007183160863892848,0.02248705311677479,True
2022-01-31,2020-02-03,2022-01-31,2022-02-01,2022-02-28,19,504,ewma,0.08196965793179724,0.17296401576190326,-0.09099435783010602,0.09099435783010602,0.008279973156913378,0.5550948748221156,True
2022-01-31,2020-02-03,2022-01-31,2022-02-01,2022-02-28,19,504,ledoit_wolf,0.20737462032298756,0.18513076333122724,0.02224385699176032,0.02224385699176032,0.0004947891738698845,0.023159684345200215,True
2022-01-31,2020-02-03,2022-01-31,2022-02-01,2022-02-28,19,504,equal_weight,,0.1870055297085438,,,,0.031181961774189845,
2022-02-28,2020-03-02,2022-02-28,2022-03-01,2022-03-31,23,504,sample,0.20974107214575285,0.12379237166160438,0.08594870048414847,0.08594870048414847,0.007387179114913864,0.045297333743924806,True
2022-02-28,2020-03-02,2022-02-28,2022-03-01,2022-03-31,23,504,ewma,0.12798194154748277,0.11916538887426234,0.008816552673220429,0.008816552673220429,7.77316010396703e-05,0.5674947596679185,True
2022-02-28,2020-03-02,2022-02-28,2022-03-01,2022-03-31,23,504,ledoit_wolf,0.20592760607095892,0.12340085376092391,0.082526752310035,0.082526752310035,0.0068106648468418685,0.04293433657083179,True
2022-02-28,2020-03-02,2022-02-28,2022-03-01,2022-03-31,23,504,equal_weight,,0.13807661959535808,,,,0.03134309793459823,
2022-03-31,2020-04-02,2022-03-31,2022-04-01,2022-04-29,20,504,sample,0.1413481358636625,0.20023110146284215,-0.05888296559917966,0.05888296559917966,0.0034672036377541753,0.23788914358637958,True
2022-03-31,2020-04-02,2022-03-31,2022-04-01,2022-04-29,20,504,ewma,0.10087584235911577,0.18915282769628378,-0.088276985337168,0.088276985337168,0.007792826140218575,0.34840556101575787,True
2022-03-31,2020-04-02,2022-03-31,2022-04-01,2022-04-29,20,504,ledoit_wolf,0.1397936325204621,0.1987697834485799,-0.05897615092811781,0.05897615092811781,0.0034781863782961313,0.2447844576002096,True
2022-03-31,2020-04-02,2022-03-31,2022-04-01,2022-04-29,20,504,equal_weight,,0.22040361699586233,,,,0.024486950727420683,
2022-04-29,2020-05-01,2022-04-29,2022-05-02,2022-05-31,21,504,sample,0.13050912977502396,0.21596203595497726,-0.0854529061799533,0.0854529061799533,0.0073021991745999,0.13261100758930927,True
2022-04-29,2020-05-01,2022-04-29,2022-05-02,2022-05-31,21,504,ewma,0.15776356632417946,0.20463628074571216,-0.04687271442153271,0.04687271442153271,0.0021970513572425604,0.508115177280638,True
2022-04-29,2020-05-01,2022-04-29,2022-05-02,2022-05-31,21,504,ledoit_wolf,0.12903621318288674,0.21580538080235084,-0.0867691676194641,0.0867691676194641,0.007528888449374657,0.12521870347859665,True
2022-04-29,2020-05-01,2022-04-29,2022-05-02,2022-05-31,21,504,equal_weight,,0.269881817409185,,,,0.034529971624692735,
2022-05-31,2020-06-02,2022-05-31,2022-06-01,2022-06-30,21,504,sample,0.13235210918584353,0.2110471547279103,-0.07869504554206677,0.07869504554206677,0.006192910192867963,0.05657232615171813,True
2022-05-31,2020-06-02,2022-05-31,2022-06-01,2022-06-30,21,504,ewma,0.17903643663397936,0.20589638611247102,-0.026859949478491657,0.026859949478491657,0.0007214568859871243,0.2040649104433671,True
2022-05-31,2020-06-02,2022-05-31,2022-06-01,2022-06-30,21,504,ledoit_wolf,0.13085081860284048,0.2115845121312272,-0.08073369352838672,0.08073369352838672,0.006517929270735472,0.05757157363945465,True
2022-05-31,2020-06-02,2022-05-31,2022-06-01,2022-06-30,21,504,equal_weight,,0.2574892266963687,,,,0.028552741373061935,
2022-06-30,2020-07-01,2022-06-30,2022-07-01,2022-07-29,20,504,sample,0.13021931399281914,0.13447076432288305,-0.004251450330063911,0.004251450330063911,1.8074829909000534e-05,0.09060156063624193,True
2022-06-30,2020-07-01,2022-06-30,2022-07-01,2022-07-29,20,504,ewma,0.17829698092371354,0.15028515917985286,0.028011821743860688,0.028011821743860688,0.0007846621574098264,0.3977735834969878,True
2022-06-30,2020-07-01,2022-06-30,2022-07-01,2022-07-29,20,504,ledoit_wolf,0.128882804207261,0.13482363156842747,-0.0059408273611664675,0.0059408273611664675,3.529342973518413e-05,0.08707925941248892,True
2022-06-30,2020-07-01,2022-06-30,2022-07-01,2022-07-29,20,504,equal_weight,,0.18058603646546104,,,,0.03010431650772489,
2022-07-29,2020-07-30,2022-07-29,2022-08-01,2022-08-31,23,504,sample,0.1310793499804944,0.13706447475111974,-0.00598512477062535,0.00598512477062535,3.5821718519953145e-05,0.05872143080486882,True
2022-07-29,2020-07-30,2022-07-29,2022-08-01,2022-08-31,23,504,ewma,0.13679957280158137,0.13499982164710345,0.0017997511544779188,0.0017997511544779188,3.2391042180446017e-06,0.27981229287827675,True
2022-07-29,2020-07-30,2022-07-29,2022-08-01,2022-08-31,23,504,ledoit_wolf,0.12977215239860018,0.13665065196708032,-0.006878499568480134,0.006878499568480134,4.731375631358139e-05,0.05383901640504265,True
2022-07-29,2020-07-30,2022-07-29,2022-08-01,2022-08-31,23,504,equal_weight,,0.16985259436026826,,,,0.0301762005438417,
2022-08-31,2020-09-01,2022-08-31,2022-09-01,2022-09-30,21,504,sample,0.13284567781904377,0.20195779540696723,-0.06911211758792346,0.06911211758792346,0.004776484797486959,0.04629243757737715,True
2022-08-31,2020-09-01,2022-08-31,2022-09-01,2022-09-30,21,504,ewma,0.1298633824157094,0.1925359556504858,-0.0626725732347764,0.0626725732347764,0.003927851435868411,0.24657629617437285,True
2022-08-31,2020-09-01,2022-08-31,2022-09-01,2022-09-30,21,504,ledoit_wolf,0.13155003017702038,0.20150024481720843,-0.06995021464018805,0.06995021464018805,0.004893032528208379,0.045349511047199836,True
2022-08-31,2020-09-01,2022-08-31,2022-09-01,2022-09-30,21,504,equal_weight,,0.2304607943790384,,,,0.01406860496249799,
2022-09-30,2020-10-01,2022-09-30,2022-10-03,2022-10-31,21,504,sample,0.13332746546065416,0.22371799899086917,-0.090390533530215,0.090390533530215,0.008170448551876923,0.09583384272017104,True
2022-09-30,2020-10-01,2022-09-30,2022-10-03,2022-10-31,21,504,ewma,0.16132462946974935,0.21648283362962611,-0.05515820415987677,0.05515820415987677,0.003042427486142647,0.4571798709561477,True
2022-09-30,2020-10-01,2022-09-30,2022-10-03,2022-10-31,21,504,ledoit_wolf,0.13202905447122823,0.22357097008044444,-0.0915419156092162,0.0915419156092162,0.008379922313404863,0.0848938242292159,True
2022-09-30,2020-10-01,2022-09-30,2022-10-03,2022-10-31,21,504,equal_weight,,0.2714834993058752,,,,0.02055484457471859,
2022-10-31,2020-10-30,2022-10-31,2022-11-01,2022-11-30,21,504,sample,0.13631462873762956,0.20665722044696552,-0.07034259170933596,0.07034259170933596,0.00494808020838634,0.10781591025899971,True
2022-10-31,2020-10-30,2022-10-31,2022-11-01,2022-11-30,21,504,ewma,0.1827880385506649,0.2111337550982805,-0.028345716547615613,0.028345716547615613,0.0008034796465977695,0.2876669727338506,True
2022-10-31,2020-10-30,2022-10-31,2022-11-01,2022-11-30,21,504,ledoit_wolf,0.13496611362829244,0.20634641724797576,-0.07138030361968331,0.07138030361968331,0.005095147744838174,0.10068801302587625,True
2022-10-31,2020-10-30,2022-10-31,2022-11-01,2022-11-30,21,504,equal_weight,,0.2681195005665531,,,,0.04466203784580495,
2022-11-30,2020-12-01,2022-11-30,2022-12-01,2022-12-30,21,504,sample,0.13796626621403424,0.12981517433944023,0.008151091874594008,0.008151091874594008,6.644029874807246e-05,0.18287807256620034,True
2022-11-30,2020-12-01,2022-11-30,2022-12-01,2022-12-30,21,504,ewma,0.16260514886577787,0.13249873349976646,0.030106415366011413,0.030106415366011413,0.0009063962461908082,0.28225288029267853,True
2022-11-30,2020-12-01,2022-11-30,2022-12-01,2022-12-30,21,504,ledoit_wolf,0.13673453720576306,0.12984134252447396,0.0068931946812891,0.0068931946812891,4.751613291415234e-05,0.17017692430865272,True
2022-11-30,2020-12-01,2022-11-30,2022-12-01,2022-12-30,21,504,equal_weight,,0.1710241342006865,,,,0.02390812457633746,
2022-12-30,2020-12-31,2022-12-30,2023-01-03,2023-01-31,20,504,sample,0.13899648747263213,0.1289784502990321,0.01001803717360003,0.01001803717360003,0.00010036106881163209,0.03943747008492988,True
2022-12-30,2020-12-31,2022-12-30,2023-01-03,2023-01-31,20,504,ewma,0.13451802765566284,0.1346783164857543,-0.00016028883009144845,0.00016028883009144845,2.569250905208523e-08,0.2163390052307727,True
2022-12-30,2020-12-31,2022-12-30,2023-01-03,2023-01-31,20,504,ledoit_wolf,0.13780491459888386,0.12908273913387153,0.008722175465012333,0.008722175465012333,7.60763448424631e-05,0.03793684193646467,True
2022-12-30,2020-12-31,2022-12-30,2023-01-03,2023-01-31,20,504,equal_weight,,0.1580685421794668,,,,0.019240174036090234,
2023-01-31,2021-02-01,2023-01-31,2023-02-01,2023-02-28,19,504,sample,0.13849892200763322,0.11227821373324466,0.026220708274388563,0.026220708274388563,0.0006875255424105888,0.08007297783647833,True
2023-01-31,2021-02-01,2023-01-31,2023-02-01,2023-02-28,19,504,ewma,0.12392308066057861,0.11390444822667259,0.010018632433906022,0.010018632433906022,0.00010037299584571369,0.3470476385280891,True
2023-01-31,2021-02-01,2023-01-31,2023-02-01,2023-02-28,19,504,ledoit_wolf,0.13732422620645945,0.1121538921030332,0.025170334103426256,0.025170334103426256,0.0006335457188781029,0.0761791118620088,True
2023-01-31,2021-02-01,2023-01-31,2023-02-01,2023-02-28,19,504,equal_weight,,0.1552954358160835,,,,0.03337449851719099,
2023-02-28,2021-03-01,2023-02-28,2023-03-01,2023-03-31,23,504,sample,0.13922823990910804,0.13143700223640176,0.007791237672706286,0.007791237672706286,6.0703384472597664e-05,0.03815651912913916,True
2023-02-28,2021-03-01,2023-02-28,2023-03-01,2023-03-31,23,504,ewma,0.1065890031540637,0.16007647187372923,-0.05348746871966553,0.05348746871966553,0.0028609093100371986,0.3813502704117135,True
2023-02-28,2021-03-01,2023-02-28,2023-03-01,2023-03-31,23,504,ledoit_wolf,0.1379997468599821,0.13144363961828293,0.006556107241699166,0.006556107241699166,4.298254216466025e-05,0.03473489248562842,True
2023-02-28,2021-03-01,2023-02-28,2023-03-01,2023-03-31,23,504,equal_weight,,0.16816102372147007,,,,0.023377572701973576,
2023-03-31,2021-04-01,2023-03-31,2023-04-03,2023-04-28,19,504,sample,0.13890670011580966,0.11032555097329613,0.02858114914251353,0.02858114914251353,0.0008168820863066018,0.04764806065624628,True
2023-03-31,2021-04-01,2023-03-31,2023-04-03,2023-04-28,19,504,ewma,0.11478418798982158,0.12101617942664533,-0.00623199143682375,0.00623199143682375,3.8837717268644545e-05,0.4253182865188593,True
2023-03-31,2021-04-01,2023-03-31,2023-04-03,2023-04-28,19,504,ledoit_wolf,0.13772061046481943,0.11007251060166415,0.02764809986315528,0.02764809986315528,0.000764417426043007,0.044148606071013376,True
2023-03-31,2021-04-01,2023-03-31,2023-04-03,2023-04-28,19,504,equal_weight,,0.11869221451850062,,,,0.031942829540338294,
2023-04-28,2021-04-29,2023-04-28,2023-05-01,2023-05-31,22,504,sample,0.13966014843033367,0.08854771644791326,0.05111243198242041,0.05111243198242041,0.0026124807031575525,0.03492731668897881,True
2023-04-28,2021-04-29,2023-04-28,2023-05-01,2023-05-31,22,504,ewma,0.09110266134529384,0.08269596334724658,0.00840669799804726,0.00840669799804726,7.067257123037182e-05,0.37376562072970576,True
2023-04-28,2021-04-29,2023-04-28,2023-05-01,2023-05-31,22,504,ledoit_wolf,0.13845991082939643,0.08802750646490914,0.05043240436448729,0.05043240436448729,0.0025434274099831564,0.03783062557345115,True
2023-04-28,2021-04-29,2023-04-28,2023-05-01,2023-05-31,22,504,equal_weight,,0.10252130602267673,,,,0.013620248888752844,
2023-05-31,2021-06-01,2023-05-31,2023-06-01,2023-06-30,21,504,sample,0.13926474676364045,0.10719687001420984,0.03206787674943061,0.03206787674943061,0.0010283487192166722,0.02912870879331036,True
2023-05-31,2021-06-01,2023-05-31,2023-06-01,2023-06-30,21,504,ewma,0.08134925247429214,0.10462337266378986,-0.02327412018949772,0.02327412018949772,0.0005416846705951854,0.31159851868357274,True
2023-05-31,2021-06-01,2023-05-31,2023-06-01,2023-06-30,21,504,ledoit_wolf,0.13806295191097165,0.10721173121049742,0.030851220700474233,0.030851220700474233,0.0009517978187093698,0.028477686653115935,True
2023-05-31,2021-06-01,2023-05-31,2023-06-01,2023-06-30,21,504,equal_weight,,0.10865945977966085,,,,0.03252149157569004,
2023-06-30,2021-06-30,2023-06-30,2023-07-03,2023-07-31,20,504,sample,0.13908867324216126,0.0955176198174947,0.043571053424666564,0.043571053424666564,0.001898436696535148,0.05023656053171855,True
2023-06-30,2021-06-30,2023-06-30,2023-07-03,2023-07-31,20,504,ewma,0.08371295138194977,0.11389074581338504,-0.03017779443143527,0.03017779443143527,0.0009106992767459656,0.3376890352419168,True
2023-06-30,2021-06-30,2023-06-30,2023-07-03,2023-07-31,20,504,ledoit_wolf,0.13792208668204578,0.09549183681532829,0.04243024986671749,0.04243024986671749,0.0018003261037520797,0.04806806153973551,True
2023-06-30,2021-06-30,2023-06-30,2023-07-03,2023-07-31,20,504,equal_weight,,0.08712849421093403,,,,0.016918569706488588,
2023-07-31,2021-07-29,2023-07-31,2023-08-01,2023-08-31,23,504,sample,0.13918308428314666,0.08600479277072565,0.05317829151242101,0.05317829151242101,0.0028279306881800284,0.0418545705414128,True
2023-07-31,2021-07-29,2023-07-31,2023-08-01,2023-08-31,23,504,ewma,0.06979956258719447,0.09967361669501475,-0.029874054107820278,0.029874054107820278,0.0008924591088369736,0.4514760331901211,True
2023-07-31,2021-07-29,2023-07-31,2023-08-01,2023-08-31,23,504,ledoit_wolf,0.1380135963826987,0.08591451333238835,0.052099083050310344,0.052099083050310344,0.0027143144546831347,0.03767759511606264,True
2023-07-31,2021-07-29,2023-07-31,2023-08-01,2023-08-31,23,504,equal_weight,,0.09924020530429101,,,,0.018299048488018967,
2023-08-31,2021-08-31,2023-08-31,2023-09-01,2023-09-29,20,504,sample,0.13938843313476879,0.08615810554266407,0.05323032759210472,0.05323032759210472,0.002833467775562785,0.01770747617739178,True
2023-08-31,2021-08-31,2023-08-31,2023-09-01,2023-09-29,20,504,ewma,0.07812111115793667,0.09614531651400161,-0.018024205356064943,0.018024205356064943,0.0003248719787176002,0.5292265227567015,True
2023-08-31,2021-08-31,2023-08-31,2023-09-01,2023-09-29,20,504,ledoit_wolf,0.13822076135083605,0.08663887279741155,0.05158188855342451,0.05158188855342451,0.002660691226737906,0.016331862248687705,True
2023-08-31,2021-08-31,2023-08-31,2023-09-01,2023-09-29,20,504,equal_weight,,0.11078448291019442,,,,0.01718057894815046,
2023-09-29,2021-09-29,2023-09-29,2023-10-02,2023-10-31,22,504,sample,0.1388681742346877,0.12073521464292394,0.018132959591763753,0.018132959591763753,0.0003288042235565371,0.022909224794861086,True
2023-09-29,2021-09-29,2023-09-29,2023-10-02,2023-10-31,22,504,ewma,0.07374084870443415,0.11902683298090062,-0.045285984276466476,0.045285984276466476,0.0020508203718883687,0.3003724093514748,True
2023-09-29,2021-09-29,2023-09-29,2023-10-02,2023-10-31,22,504,ledoit_wolf,0.13772111162065903,0.11975747277571815,0.017963638844940885,0.017963638844940885,0.0003226923205514691,0.025143031599914507,True
2023-09-29,2021-09-29,2023-09-29,2023-10-02,2023-10-31,22,504,equal_weight,,0.13074666238842095,,,,0.0202235894052541,
2023-10-31,2021-10-29,2023-10-31,2023-11-01,2023-11-30,21,504,sample,0.1393777312851899,0.09675911510736014,0.04261861617782976,0.04261861617782976,0.0018163464449131729,0.04745205563162303,True
2023-10-31,2021-10-29,2023-10-31,2023-11-01,2023-11-30,21,504,ewma,0.08637407755675913,0.10557593473465271,-0.019201857177893578,0.019201857177893578,0.0003687113190802231,0.43965829713922866,True
2023-10-31,2021-10-29,2023-10-31,2023-11-01,2023-11-30,21,504,ledoit_wolf,0.13820859842506258,0.0968887869822013,0.04131981144286129,0.04131981144286129,0.0017073268176736106,0.04704237863118619,True
2023-10-31,2021-10-29,2023-10-31,2023-11-01,2023-11-30,21,504,equal_weight,,0.12790633136456941,,,,0.027140189279897517,
2023-11-30,2021-11-30,2023-11-30,2023-12-01,2023-12-29,20,504,sample,0.139622743156574,0.09635966531036627,0.043263077846207726,0.043263077846207726,0.0018716939047270296,0.03716089471320261,True
2023-11-30,2021-11-30,2023-11-30,2023-12-01,2023-12-29,20,504,ewma,0.08680259736507581,0.08570563752233266,0.0010969598427431476,0.0010969598427431476,1.2033208965910712e-06,0.2519568158275712,True
2023-11-30,2021-11-30,2023-11-30,2023-12-01,2023-12-29,20,504,ledoit_wolf,0.13846760707097908,0.09665196199665205,0.04181564507432703,0.04181564507432703,0.0017485481729820904,0.033197946971933484,True
2023-11-30,2021-11-30,2023-11-30,2023-12-01,2023-12-29,20,504,equal_weight,,0.10942797905990954,,,,0.02218415565878697,
2023-12-29,2021-12-29,2023-12-29,2024-01-02,2024-01-31,21,504,sample,0.1374809676681451,0.07657531859247664,0.060905649075668464,0.060905649075668464,0.0037094980893284746,0.02648452119067507,True
2023-12-29,2021-12-29,2023-12-29,2024-01-02,2024-01-31,21,504,ewma,0.07560725758442456,0.07708184382760885,-0.001474586243184292,0.001474586243184292,2.1744045885883643e-06,0.5386724793577644,True
2023-12-29,2021-12-29,2023-12-29,2024-01-02,2024-01-31,21,504,ledoit_wolf,0.13634696872043903,0.07652610091718952,0.05982086780324951,0.05982086780324951,0.0035785362247338537,0.02359333344866041,True
2023-12-29,2021-12-29,2023-12-29,2024-01-02,2024-01-31,21,504,equal_weight,,0.10030626743606218,,,,0.02174671484859918,
2024-01-31,2022-01-28,2024-01-31,2024-02-01,2024-02-29,20,504,sample,0.13760059733964433,0.10401796961680802,0.03358262772283631,0.03358262772283631,0.0011277928847706138,0.032822439066049994,True
2024-01-31,2022-01-28,2024-01-31,2024-02-01,2024-02-29,20,504,ewma,0.06181481535991041,0.09001264384048975,-0.02819782848057934,0.02819782848057934,0.0007951175310201714,0.28526098784880083,True
2024-01-31,2022-01-28,2024-01-31,2024-02-01,2024-02-29,20,504,ledoit_wolf,0.13646732904189082,0.10446462333216587,0.03200270570972495,0.03200270570972495,0.001024173172743262,0.03173721135318491,True
2024-01-31,2022-01-28,2024-01-31,2024-02-01,2024-02-29,20,504,equal_weight,,0.12846396293377849,,,,0.020952334556991865,
2024-02-29,2022-02-28,2024-02-29,2024-03-01,2024-03-28,20,504,sample,0.1350382897794594,0.06949203140447135,0.06554625837498804,0.06554625837498804,0.004296311986960689,0.05424236249771522,True
2024-02-29,2022-02-28,2024-02-29,2024-03-01,2024-03-28,20,504,ewma,0.0713639694449865,0.07763830107283869,-0.006274331627852181,0.006274331627852181,3.93672373762662e-05,0.3041849007473075,True
2024-02-29,2022-02-28,2024-02-29,2024-03-01,2024-03-28,20,504,ledoit_wolf,0.1339349396221932,0.06950056351249782,0.06443437610969537,0.06443437610969537,0.004151788824645681,0.05188249972315332,True
2024-02-29,2022-02-28,2024-02-29,2024-03-01,2024-03-28,20,504,equal_weight,,0.0776254986195011,,,,0.025774184187911352,
2024-03-28,2022-03-28,2024-03-28,2024-04-01,2024-04-30,22,504,sample,0.13352791799627206,0.11090858678515667,0.022619331211115395,0.022619331211115395,0.000511634144438139,0.06966199005762312,True
2024-03-28,2022-03-28,2024-03-28,2024-04-01,2024-04-30,22,504,ewma,0.0637865273961181,0.10494942602202863,-0.04116289862591052,0.04116289862591052,0.0016943842232869863,0.23583535575618958,True
2024-03-28,2022-03-28,2024-03-28,2024-04-01,2024-04-30,22,504,ledoit_wolf,0.1323952334544222,0.11067661988763804,0.02171861356678416,0.02171861356678416,0.00047169817526330094,0.06136069540649989,True
2024-03-28,2022-03-28,2024-03-28,2024-04-01,2024-04-30,22,504,equal_weight,,0.11412484370040525,,,,0.0226317587346828,
2024-04-30,2022-04-28,2024-04-30,2024-05-01,2024-05-31,22,504,sample,0.1327685455564443,0.10899281932764285,0.023775726228801447,0.023775726228801447,0.0005652851577069171,0.052589798852760716,True
2024-04-30,2022-04-28,2024-04-30,2024-05-01,2024-05-31,22,504,ewma,0.07767872982163544,0.10823289930076714,-0.0305541694791317,0.0305541694791317,0.000933557272559503,0.40480061550403496,True
2024-04-30,2022-04-28,2024-04-30,2024-05-01,2024-05-31,22,504,ledoit_wolf,0.1315834572709172,0.1089521778925828,0.022631279378334396,0.022631279378334396,0.0005121748063002236,0.05046715789864368,True
2024-04-30,2022-04-28,2024-04-30,2024-05-01,2024-05-31,22,504,equal_weight,,0.11395505118541525,,,,0.029364254417306387,
2024-05-31,2022-05-31,2024-05-31,2024-06-03,2024-06-28,19,504,sample,0.12618531522138485,0.07273123416320006,0.05345408105818479,0.05345408105818479,0.00285733878177499,0.05755082375198243,True
2024-05-31,2022-05-31,2024-05-31,2024-06-03,2024-06-28,19,504,ewma,0.09186110329339846,0.06363036954320439,0.028230733750194067,0.028230733750194067,0.0007969743280743464,0.47277145503139184,True
2024-05-31,2022-05-31,2024-05-31,2024-06-03,2024-06-28,19,504,ledoit_wolf,0.12492186031239921,0.07231251991579958,0.05260934039659963,0.05260934039659963,0.00276774269696529,0.05982836547277313,True
2024-05-31,2022-05-31,2024-05-31,2024-06-03,2024-06-28,19,504,equal_weight,,0.058456699948919985,,,,0.02053860898920601,
2024-06-28,2022-06-28,2024-06-28,2024-07-01,2024-07-31,22,504,sample,0.1194942350800823,0.10691282114327778,0.012581413936804522,0.012581413936804522,0.00015829197664921906,0.08329083909380341,True
2024-06-28,2022-06-28,2024-06-28,2024-07-01,2024-07-31,22,504,ewma,0.06154790210741529,0.10308300456058496,-0.04153510245316967,0.04153510245316967,0.0017251647357953014,0.35145736905655395,True
2024-06-28,2022-06-28,2024-06-28,2024-07-01,2024-07-31,22,504,ledoit_wolf,0.1182449603958209,0.10710798883968352,0.011136971556137382,0.011136971556137382,0.0001240321354422131,0.07529292421702499,True
2024-06-28,2022-06-28,2024-06-28,2024-07-01,2024-07-31,22,504,equal_weight,,0.09623514298333516,,,,0.0185262911148456,
2024-07-31,2022-07-29,2024-07-31,2024-08-01,2024-08-30,22,504,sample,0.11804976769725069,0.0991502971889027,0.01889947050834799,0.01889947050834799,0.00035718998549591545,0.05627329815426506,True
2024-07-31,2022-07-29,2024-07-31,2024-08-01,2024-08-30,22,504,ewma,0.0670380436462223,0.116378727139267,-0.0493406834930447,0.0493406834930447,0.0024345030475608135,0.49110373301927895,True
2024-07-31,2022-07-29,2024-07-31,2024-08-01,2024-08-30,22,504,ledoit_wolf,0.11676427191174928,0.09906588572128683,0.017698386190462448,0.017698386190462448,0.00031323287374675186,0.051814460875486454,True
2024-07-31,2022-07-29,2024-07-31,2024-08-01,2024-08-30,22,504,equal_weight,,0.13061286346164255,,,,0.024402670999284976,
2024-08-30,2022-08-30,2024-08-30,2024-09-03,2024-09-30,20,504,sample,0.11729818373124619,0.08001199369331329,0.037286190037932904,0.037286190037932904,0.001390259967544847,0.04094171023684804,True
2024-08-30,2022-08-30,2024-08-30,2024-09-03,2024-09-30,20,504,ewma,0.07978315522699375,0.08137853161626056,-0.0015953763892668088,0.0015953763892668088,2.54522582343e-06,0.3311417445381354,True
2024-08-30,2022-08-30,2024-08-30,2024-09-03,2024-09-30,20,504,ledoit_wolf,0.11593303891063504,0.07926883451493145,0.03666420439570359,0.03666420439570359,0.0013442638839699303,0.04248944680206582,True
2024-08-30,2022-08-30,2024-08-30,2024-09-03,2024-09-30,20,504,equal_weight,,0.09096913184900095,,,,0.016729470492935564,
2024-09-30,2022-09-28,2024-09-30,2024-10-01,2024-10-31,23,504,sample,0.11241791895602664,0.08874061720069128,0.02367730175533536,0.02367730175533536,0.000560614618413207,0.05177638778880059,True
2024-09-30,2022-09-28,2024-09-30,2024-10-01,2024-10-31,23,504,ewma,0.0631583875124689,0.09860475422259152,-0.03544636671012262,0.03544636671012262,0.0012564449129484892,0.3817980483271497,True
2024-09-30,2022-09-28,2024-09-30,2024-10-01,2024-10-31,23,504,ledoit_wolf,0.11105509342518446,0.08884792498610543,0.022207168439079036,0.022207168439079036,0.0004931583300816281,0.04485643672199595,True
2024-09-30,2022-09-28,2024-09-30,2024-10-01,2024-10-31,23,504,equal_weight,,0.09694504942608793,,,,0.016668773548940554,
2024-10-31,2022-10-31,2024-10-31,2024-11-01,2024-11-29,20,504,sample,0.10276973261218787,0.07688742280733543,0.02588230980485244,0.02588230980485244,0.0006698939608343608,0.08183390256642643,True
2024-10-31,2022-10-31,2024-10-31,2024-11-01,2024-11-29,20,504,ewma,0.06837196745051972,0.06487368712390719,0.003498280326612535,0.003498280326612535,1.2237965243564305e-05,0.5247171463688812,True
2024-10-31,2022-10-31,2024-10-31,2024-11-01,2024-11-29,20,504,ledoit_wolf,0.10157275646296539,0.0768665113841559,0.02470624507880949,0.02470624507880949,0.0006103985458941981,0.0696141747943766,True
2024-10-31,2022-10-31,2024-10-31,2024-11-01,2024-11-29,20,504,equal_weight,,0.07817262902892191,,,,0.020829876336014568,
2024-11-29,2022-11-29,2024-11-29,2024-12-02,2024-12-31,21,504,sample,0.09757496485483332,0.09133858382589932,0.006236381028933993,0.006236381028933993,3.889244833804781e-05,0.09565768575148849,True
2024-11-29,2022-11-29,2024-11-29,2024-12-02,2024-12-31,21,504,ewma,0.056919686784422545,0.10531112446788189,-0.04839143768345935,0.04839143768345935,0.0023417312410721294,0.2739563061726715,True
2024-11-29,2022-11-29,2024-11-29,2024-12-02,2024-12-31,21,504,ledoit_wolf,0.09638775224797107,0.09184151512762108,0.0045462371203499885,0.0045462371203499885,2.0668271954448157e-05,0.09778912611530502,True
2024-11-29,2022-11-29,2024-11-29,2024-12-02,2024-12-31,21,504,equal_weight,,0.11920948503869994,,,,0.021879141152115783,
2024-12-31,2022-12-29,2024-12-31,2025-01-02,2025-01-31,20,504,sample,0.09383863656311109,0.10751417376124434,-0.013675537198133247,0.013675537198133247,0.00018702031765752616,0.05423244793245094,True
2024-12-31,2022-12-29,2024-12-31,2025-01-02,2025-01-31,20,504,ewma,0.08387549064146531,0.10511247736562498,-0.021236986724159676,0.021236986724159676,0.0004510096051221343,0.36328088592030444,True
2024-12-31,2022-12-29,2024-12-31,2025-01-02,2025-01-31,20,504,ledoit_wolf,0.0927527970443643,0.10721373202115052,-0.014460934976786216,0.014460934976786216,0.00020911864040283897,0.04313792100248052,True
2024-12-31,2022-12-29,2024-12-31,2025-01-02,2025-01-31,20,504,equal_weight,,0.10802709332102138,,,,0.02800288557546072,
2025-01-31,2023-01-30,2025-01-31,2025-02-03,2025-02-28,19,504,sample,0.09258007463861481,0.10005920495545628,-0.00747913031684147,0.00747913031684147,5.593739029629719e-05,0.0555807239197466,True
2025-01-31,2023-01-30,2025-01-31,2025-02-03,2025-02-28,19,504,ewma,0.07847518808066146,0.10872896769301155,-0.030253779612350082,0.030253779612350082,0.0009152911808326495,0.3713596503756502,True
2025-01-31,2023-01-30,2025-01-31,2025-02-03,2025-02-28,19,504,ledoit_wolf,0.09153850055864048,0.10061662592916899,-0.009078125370528517,0.009078125370528517,8.241236024303352e-05,0.05148131008597568,True
2025-01-31,2023-01-30,2025-01-31,2025-02-03,2025-02-28,19,504,equal_weight,,0.10598882314175137,,,,0.023333410423048522,
2025-02-28,2023-02-27,2025-02-28,2025-03-03,2025-03-31,21,504,sample,0.09077151812876917,0.11014660138719395,-0.019375083258424783,0.019375083258424783,0.0003753938512708923,0.0659674771660989,True
2025-02-28,2023-02-27,2025-02-28,2025-03-03,2025-03-31,21,504,ewma,0.08450092274201627,0.1256943638496892,-0.04119344110767294,0.04119344110767294,0.0016968995902913186,0.29166715157276624,True
2025-02-28,2023-02-27,2025-02-28,2025-03-03,2025-03-31,21,504,ledoit_wolf,0.08984130349834889,0.11134492575372323,-0.021503622255374347,0.021503622255374347,0.0004624057701018309,0.06238696944549686,True
2025-02-28,2023-02-27,2025-02-28,2025-03-03,2025-03-31,21,504,equal_weight,,0.1380638610353752,,,,0.029385571621815716,
2025-03-31,2023-03-28,2025-03-31,2025-04-01,2025-04-30,21,504,sample,0.08923710149862267,0.28073590161490164,-0.19149880011627896,0.19149880011627896,0.03667179044597456,0.058476389076085586,True
2025-03-31,2023-03-28,2025-03-31,2025-04-01,2025-04-30,21,504,ewma,0.09093168907984053,0.2843745173622262,-0.19344282828238565,0.19344282828238565,0.037420127813888544,0.34696300829616805,True
2025-03-31,2023-03-28,2025-03-31,2025-04-01,2025-04-30,21,504,ledoit_wolf,0.08841932014004453,0.28416993582005773,-0.1957506156800132,0.1957506156800132,0.03831830353910423,0.05350040532693987,True
2025-03-31,2023-03-28,2025-03-31,2025-04-01,2025-04-30,21,504,equal_weight,,0.3705599358785159,,,,0.031730089766927955,
2025-04-30,2023-04-27,2025-04-30,2025-05-01,2025-05-30,21,504,sample,0.10167363430382304,0.12477664088236262,-0.023103006578539587,0.023103006578539587,0.0005337489129680434,0.17385681475691475,True
2025-04-30,2023-04-27,2025-04-30,2025-05-01,2025-05-30,21,504,ewma,0.17594883860774901,0.14457128514565817,0.03137755346209084,0.03137755346209084,0.0009845508612663688,0.46910951785225014,True
2025-04-30,2023-04-27,2025-04-30,2025-05-01,2025-05-30,21,504,ledoit_wolf,0.10066284274537705,0.12418517971257724,-0.023522336967200186,0.023522336967200186,0.0005533003363985124,0.1507591335315351,True
2025-04-30,2023-04-27,2025-04-30,2025-05-01,2025-05-30,21,504,equal_weight,,0.12356108403152795,,,,0.026783084646009887,
2025-05-30,2023-05-26,2025-05-30,2025-06-02,2025-06-30,20,504,sample,0.1027965638909775,0.07475502240786615,0.028041541483111346,0.028041541483111346,0.0007863280487490545,0.042089262946023484,True
2025-05-30,2023-05-26,2025-05-30,2025-06-02,2025-06-30,20,504,ewma,0.13225557889352943,0.08230536845370699,0.04995021043982244,0.04995021043982244,0.0024950235229825465,0.24725068398242386,True
2025-05-30,2023-05-26,2025-05-30,2025-06-02,2025-06-30,20,504,ledoit_wolf,0.10168566872932407,0.07517398949729993,0.026511679232024132,0.026511679232024132,0.0007028691357017397,0.053925987657701055,True
2025-05-30,2023-05-26,2025-05-30,2025-06-02,2025-06-30,20,504,equal_weight,,0.07316434115640467,,,,0.0307681556237751,
2025-06-30,2023-06-27,2025-06-30,2025-07-01,2025-07-31,22,504,sample,0.10198656675857154,0.08349783823924337,0.018488728519328174,0.018488728519328174,0.00034183308226141897,0.021106000691302335,True
2025-06-30,2023-06-27,2025-06-30,2025-07-01,2025-07-31,22,504,ewma,0.08703557120157454,0.10129791771425607,-0.014262346512681531,0.014262346512681531,0.00020341452804779905,0.3676624374720345,True
2025-06-30,2023-06-27,2025-06-30,2025-07-01,2025-07-31,22,504,ledoit_wolf,0.10093179484097634,0.08467536453690372,0.016256430304072617,0.016256430304072617,0.0002642715262311705,0.026186605659323167,True
2025-06-30,2023-06-27,2025-06-30,2025-07-01,2025-07-31,22,504,equal_weight,,0.09181359020167495,,,,0.019468403033842323,
2025-07-31,2023-07-28,2025-07-31,2025-08-01,2025-08-29,21,504,sample,0.10165945431552259,0.07102857946155162,0.030630874853970966,0.030630874853970966,0.0009382504943196309,0.03642605713547101,True
2025-07-31,2023-07-28,2025-07-31,2025-08-01,2025-08-29,21,504,ewma,0.06690677489505344,0.06969559301819679,-0.002788818123143355,0.002788818123143355,7.777506523972826e-06,0.5270546958110477,True
2025-07-31,2023-07-28,2025-07-31,2025-08-01,2025-08-29,21,504,ledoit_wolf,0.100721698268479,0.07164604147273665,0.029075656795742352,0.029075656795742352,0.0008453938181037984,0.04485981947701841,True
2025-07-31,2023-07-28,2025-07-31,2025-08-01,2025-08-29,21,504,equal_weight,,0.09789568967628097,,,,0.023125598763555244,
2025-08-29,2023-08-28,2025-08-29,2025-09-02,2025-09-30,21,504,sample,0.10117973702651556,0.07052361502982435,0.03065612199669121,0.03065612199669121,0.0009397978158760147,0.0386234603695474,True
2025-08-29,2023-08-28,2025-08-29,2025-09-02,2025-09-30,21,504,ewma,0.0616959398937571,0.0796898967415276,-0.017993956847770498,0.017993956847770498,0.0003237824830394268,0.26398949087081225,True
2025-08-29,2023-08-28,2025-08-29,2025-09-02,2025-09-30,21,504,ledoit_wolf,0.10032108173687343,0.06921785830649987,0.031103223430373556,0.031103223430373556,0.0009674105077597385,0.03564604199203349,True
2025-08-29,2023-08-28,2025-08-29,2025-09-02,2025-09-30,21,504,equal_weight,,0.057163606683711427,,,,0.027328634616652504,
2025-09-30,2023-09-27,2025-09-30,2025-10-01,2025-10-31,23,504,sample,0.10014397111136644,0.06897029663564473,0.03117367447572171,0.03117367447572171,0.0009717979803182632,0.03329710826288695,True
2025-09-30,2023-09-27,2025-09-30,2025-10-01,2025-10-31,23,504,ewma,0.05017421881058488,0.07699034385343716,-0.02681612504285228,0.02681612504285228,0.0007191045623138892,0.5170168909336772,True
2025-09-30,2023-09-27,2025-09-30,2025-10-01,2025-10-31,23,504,ledoit_wolf,0.09931557726898396,0.06824149963506673,0.03107407763391723,0.03107407763391723,0.0009655983007987151,0.04439511582833781,True
2025-09-30,2023-09-27,2025-09-30,2025-10-01,2025-10-31,23,504,equal_weight,,0.09935258586073964,,,,0.025303740638903543,
2025-10-31,2023-10-30,2025-10-31,2025-11-03,2025-11-28,19,504,sample,0.09870205426819716,0.08688383557517178,0.011818218693025379,0.011818218693025379,0.0001396702930761745,0.024426494168385993,True
2025-10-31,2023-10-30,2025-10-31,2025-11-03,2025-11-28,19,504,ewma,0.05002512591511215,0.0958250817411754,-0.045799955826063256,0.045799955826063256,0.0020976359536693454,0.41396137446211523,True
2025-10-31,2023-10-30,2025-10-31,2025-11-03,2025-11-28,19,504,ledoit_wolf,0.09796048023897487,0.08685327951921035,0.011107200719764523,0.011107200719764523,0.00012336990782913754,0.04070473124633933,True
2025-10-31,2023-10-30,2025-10-31,2025-11-03,2025-11-28,19,504,equal_weight,,0.11423791069296498,,,,0.029617304743954444,
2025-11-28,2023-11-27,2025-11-28,2025-12-01,2025-12-31,22,504,sample,0.09844315372534765,0.07420371269877693,0.02423944102657072,0.02423944102657072,0.0005875505012805998,0.029284555419850082,True
2025-11-28,2023-11-27,2025-11-28,2025-12-01,2025-12-31,22,504,ewma,0.06692007284920838,0.08608740358510951,-0.019167330735901128,0.019167330735901128,0.00036738656753942006,0.26340575646469366,True
2025-11-28,2023-11-27,2025-11-28,2025-12-01,2025-12-31,22,504,ledoit_wolf,0.09765927889071692,0.07326116461805485,0.024398114272662072,0.024398114272662072,0.0005952679800618767,0.03484187256412327,True
2025-11-28,2023-11-27,2025-11-28,2025-12-01,2025-12-31,22,504,equal_weight,,0.08662687222170487,,,,0.021477073782575535,
2025-12-31,2023-12-28,2025-12-31,2026-01-02,2026-01-30,20,504,sample,0.09799370360506564,0.07340314058299297,0.024590563022072673,0.024590563022072673,0.0006046957897425279,0.028553792423053278,True
2025-12-31,2023-12-28,2025-12-31,2026-01-02,2026-01-30,20,504,ewma,0.05633822650856653,0.08152051756143436,-0.02518229105286783,0.02518229105286783,0.0006341477826713472,0.3607348641303524,True
2025-12-31,2023-12-28,2025-12-31,2026-01-02,2026-01-30,20,504,ledoit_wolf,0.09724254455202656,0.06953481292289601,0.027707731629130553,0.027707731629130553,0.0007677183920319216,0.02923686594839897,True
2025-12-31,2023-12-28,2025-12-31,2026-01-02,2026-01-30,20,504,equal_weight,,0.09506115694979397,,,,0.013892140038679186,
2026-01-30,2024-01-29,2026-01-30,2026-02-02,2026-02-27,19,504,sample,0.09810558464764585,0.06654703717978123,0.031558547467864614,0.031558547467864614,0.000995941918281464,0.05066553551052411,True
2026-01-30,2024-01-29,2026-01-30,2026-02-02,2026-02-27,19,504,ewma,0.052261073486806496,0.05398496737698287,-0.0017238938901763742,0.0017238938901763742,2.971810144587433e-06,0.38647422102279094,True
2026-01-30,2024-01-29,2026-01-30,2026-02-02,2026-02-27,19,504,ledoit_wolf,0.09736326832686848,0.06434540851321847,0.033017859813650005,0.033017859813650005,0.001090179066673844,0.040690199957605686,True
2026-01-30,2024-01-29,2026-01-30,2026-02-02,2026-02-27,19,504,equal_weight,,0.09153802545317738,,,,0.031246143646917482,
2026-02-27,2024-02-26,2026-02-27,2026-03-02,2026-03-31,22,504,sample,0.09707086182628341,0.09902916975060193,-0.001958307924318517,0.001958307924318517,3.834969926448698e-06,0.05381677119493743,True
2026-02-27,2024-02-26,2026-02-27,2026-03-02,2026-03-31,22,504,ewma,0.04458121834662675,0.10825236810602534,-0.0636711497593986,0.0636711497593986,0.004054015311683764,0.18805491458529625,True
2026-02-27,2024-02-26,2026-02-27,2026-03-02,2026-03-31,22,504,ledoit_wolf,0.09634295074895569,0.09943081683268323,-0.0030878660837275473,0.0030878660837275473,9.5349169510349e-06,0.05092157035172424,True
2026-02-27,2024-02-26,2026-02-27,2026-03-02,2026-03-31,22,504,equal_weight,,0.13338317064874222,,,,0.033066483650848036,
2026-03-31,2024-03-27,2026-03-31,2026-04-01,2026-04-30,21,504,sample,0.09837928478406734,0.08308213679408709,0.015297147989980248,0.015297147989980248,0.00023400273662735674,0.058446967729615266,True
2026-03-31,2024-03-27,2026-03-31,2026-04-01,2026-04-30,21,504,ewma,0.07156733880320061,0.0888048265098818,-0.017237487706681195,0.017237487706681195,0.00029713098243798534,0.28524640840469884,True
2026-03-31,2024-03-27,2026-03-31,2026-04-01,2026-04-30,21,504,ledoit_wolf,0.097739056372439,0.08330183336693447,0.014437223005504526,0.014437223005504526,0.00020843340811066915,0.04969275468168374,True
2026-03-31,2024-03-27,2026-03-31,2026-04-01,2026-04-30,21,504,equal_weight,,0.10136970218173724,,,,0.028262974580401484,
2026-04-30,2024-04-26,2026-04-30,2026-05-01,2026-05-29,20,504,sample,0.09777795781334477,0.07431375654019816,0.023464201273146607,0.023464201273146607,0.0005505687413867349,0.06169522952096679,True
2026-04-30,2024-04-26,2026-04-30,2026-05-01,2026-05-29,20,504,ewma,0.0649661655483457,0.08496589168391262,-0.019999726135566928,0.019999726135566928,0.0003999890454976789,0.32101058745926836,True
2026-04-30,2024-04-26,2026-04-30,2026-05-01,2026-05-29,20,504,ledoit_wolf,0.09722368828865022,0.07423815798157793,0.02298553030707229,0.02298553030707229,0.0005283346034973387,0.06601927457559867,True
2026-04-30,2024-04-26,2026-04-30,2026-05-01,2026-05-29,20,504,equal_weight,,0.07363282246329612,,,,0.04013876489881685,
2026-05-29,2024-05-24,2026-05-29,2026-06-01,2026-06-30,21,504,sample,0.09684219441329396,0.13268546599595024,-0.03584327158265628,0.03584327158265628,0.0012847401177480552,0.038724512332266724,True
2026-05-29,2024-05-24,2026-05-29,2026-06-01,2026-06-30,21,504,ewma,0.05954841400669418,0.10919100132245846,-0.04964258731576428,0.04964258731576428,0.0024643864754032804,0.42156420554189883,True
2026-05-29,2024-05-24,2026-05-29,2026-06-01,2026-06-30,21,504,ledoit_wolf,0.09635008083377396,0.1307261982220463,-0.034376117388272356,0.034376117388272356,0.0011817174466922811,0.03286244563290509,True
2026-05-29,2024-05-24,2026-05-29,2026-06-01,2026-06-30,21,504,equal_weight,,0.1091070580287282,,,,0.019877177700591105,
2026-06-30,2024-06-26,2026-06-30,2026-07-01,2026-07-31,22,504,sample,0.0989248779449437,0.14075142570813076,-0.04182654776318706,0.04182654776318706,0.0017494600977861685,0.06475523154837565,True
2026-06-30,2024-06-26,2026-06-30,2026-07-01,2026-07-31,22,504,ewma,0.06418445512897261,0.11374746573913541,-0.0495630106101628,0.0495630106101628,0.00245649202074311,0.46547910021423794,True
2026-06-30,2024-06-26,2026-06-30,2026-07-01,2026-07-31,22,504,ledoit_wolf,0.09828815490013627,0.13640847153462485,-0.038120316634488574,0.038120316634488574,0.0014531585403136664,0.06274781182245602,True
2026-06-30,2024-06-26,2026-06-30,2026-07-01,2026-07-31,22,504,equal_weight,,0.09950306474512116,,,,0.04460658729583185,
2026-07-31,2024-07-29,2026-07-31,2026-08-03,2026-08-31,21,504,sample,0.1015329060849107,0.08040787825456651,0.021125027830344187,0.021125027830344187,0.0004462668008328164,0.07869797651771522,True
2026-07-31,2024-07-29,2026-07-31,2026-08-03,2026-08-31,21,504,ewma,0.0697656749249707,0.07903243939295151,-0.009266764467980818,0.009266764467980818,8.587292370503181e-05,0.4601131578587737,True
2026-07-31,2024-07-29,2026-07-31,2026-08-03,2026-08-31,21,504,ledoit_wolf,0.10058558645265063,0.07890374355796016,0.021681842894690467,0.021681842894690467,0.0004701023113100395,0.07231435603694138,True
2026-07-31,2024-07-29,2026-07-31,2026-08-03,2026-08-31,21,504,equal_weight,,0.0745637820692835,,,,0.033491892081665114,
